/*******************************************************************************
 * Size: 36 px
 * Bpp: 4
 * Opts: --font src\display\ui\concept\fonts\DMSans-Bold.ttf --size 36 --bpp 4 --format lvgl --range 0x20-0x7E --no-compress --lv-include lvgl.h --lv-font-name dm_sans_36_bold --output src\display\ui\concept\fonts\dm_sans_36_bold.c
 ******************************************************************************/

#ifdef LV_LVGL_H_INCLUDE_SIMPLE
#include "lvgl.h"
#else
#include "lvgl.h"
#endif

#ifndef DM_SANS_36_BOLD
#define DM_SANS_36_BOLD 1
#endif

#if DM_SANS_36_BOLD

/*-----------------
 *    BITMAPS
 *----------------*/

/*Store the image of the glyphs*/
static LV_ATTRIBUTE_LARGE_CONST const uint8_t glyph_bitmap[] = {
    /* U+0020 " " */

    /* U+0021 "!" */
    0xf, 0xff, 0xff, 0x20, 0xff, 0xff, 0xf1, 0xf,
    0xff, 0xff, 0x10, 0xff, 0xff, 0xf0, 0xe, 0xff,
    0xff, 0x0, 0xef, 0xff, 0xf0, 0xd, 0xff, 0xff,
    0x0, 0xdf, 0xff, 0xe0, 0xc, 0xff, 0xfe, 0x0,
    0xcf, 0xff, 0xd0, 0xb, 0xff, 0xfd, 0x0, 0xbf,
    0xff, 0xc0, 0xa, 0xff, 0xfc, 0x0, 0xaf, 0xff,
    0xb0, 0x9, 0xff, 0xfb, 0x0, 0x9f, 0xff, 0xa0,
    0x8, 0xff, 0xfa, 0x0, 0x36, 0x66, 0x30, 0x0,
    0x0, 0x0, 0x0, 0x0, 0x0, 0x0, 0x1, 0x8b,
    0x91, 0x0, 0xdf, 0xff, 0xe1, 0x5f, 0xff, 0xff,
    0x75, 0xff, 0xff, 0xf7, 0x1f, 0xff, 0xff, 0x20,
    0x3c, 0xfd, 0x40,

    /* U+0022 "\"" */
    0x0, 0x0, 0x0, 0x0, 0x0, 0x8, 0xff, 0xf9,
    0x6, 0xff, 0xfb, 0x7f, 0xff, 0x80, 0x5f, 0xff,
    0xa6, 0xff, 0xf7, 0x4, 0xff, 0xfa, 0x5f, 0xff,
    0x60, 0x3f, 0xff, 0x94, 0xff, 0xf5, 0x2, 0xff,
    0xf8, 0x3f, 0xff, 0x50, 0x1f, 0xff, 0x72, 0xff,
    0xf4, 0x0, 0xff, 0xf6, 0x1f, 0xff, 0x30, 0xf,
    0xff, 0x50,

    /* U+0023 "#" */
    0x0, 0x0, 0x0, 0x0, 0xb, 0xff, 0xfd, 0x0,
    0x0, 0x0, 0x8f, 0xff, 0xf0, 0x0, 0x0, 0x0,
    0x0, 0x0, 0x0, 0xef, 0xff, 0xa0, 0x0, 0x0,
    0xb, 0xff, 0xfc, 0x0, 0x0, 0x0, 0x0, 0x0,
    0x0, 0x1f, 0xff, 0xf7, 0x0, 0x0, 0x0, 0xff,
    0xff, 0x90, 0x0, 0x0, 0x0, 0x0, 0x0, 0x4,
    0xff, 0xff, 0x40, 0x0, 0x0, 0x2f, 0xff, 0xf6,
    0x0, 0x0, 0x0, 0x0, 0x0, 0x0, 0x8f, 0xff,
    0xf1, 0x0, 0x0, 0x5, 0xff, 0xff, 0x20, 0x0,
    0x0, 0x0, 0x0, 0x0, 0xb, 0xff, 0xfd, 0x0,
    0x0, 0x0, 0x8f, 0xff, 0xf0, 0x0, 0x0, 0x0,
    0x67, 0x77, 0x77, 0xff, 0xff, 0xf7, 0x77, 0x77,
    0x7f, 0xff, 0xff, 0x77, 0x77, 0x20, 0xf, 0xff,
    0xff, 0xff, 0xff, 0xff, 0xff, 0xff, 0xff, 0xff,
    0xff, 0xff, 0xff, 0xf6, 0x0, 0xff, 0xff, 0xff,
    0xff, 0xff, 0xff, 0xff, 0xff, 0xff, 0xff, 0xff,
    0xff, 0xff, 0x60, 0xf, 0xff, 0xff, 0xff, 0xff,
    0xff, 0xff, 0xff, 0xff, 0xff, 0xff, 0xff, 0xff,
    0xf6, 0x0, 0xff, 0xff, 0xff, 0xff, 0xff, 0xff,
    0xff, 0xff, 0xff, 0xff, 0xff, 0xff, 0xff, 0x60,
    0x0, 0x0, 0x0, 0xef, 0xff, 0xa0, 0x0, 0x0,
    0xc, 0xff, 0xfc, 0x0, 0x0, 0x0, 0x0, 0x0,
    0x0, 0x1f, 0xff, 0xf7, 0x0, 0x0, 0x0, 0xff,
    0xff, 0x90, 0x0, 0x0, 0x0, 0x0, 0x0, 0x5,
    0xff, 0xff, 0x40, 0x0, 0x0, 0x2f, 0xff, 0xf5,
    0x0, 0x0, 0x0, 0x0, 0x0, 0x0, 0x8f, 0xff,
    0xf0, 0x0, 0x0, 0x6, 0xff, 0xff, 0x20, 0x0,
    0x0, 0x0, 0x0, 0x0, 0xb, 0xff, 0xfd, 0x0,
    0x0, 0x0, 0x9f, 0xff, 0xf0, 0x0, 0x0, 0x0,
    0xdf, 0xff, 0xff, 0xff, 0xff, 0xff, 0xff, 0xff,
    0xff, 0xff, 0xff, 0xff, 0xff, 0x70, 0xd, 0xff,
    0xff, 0xff, 0xff, 0xff, 0xff, 0xff, 0xff, 0xff,
    0xff, 0xff, 0xff, 0xf7, 0x0, 0xdf, 0xff, 0xff,
    0xff, 0xff, 0xff, 0xff, 0xff, 0xff, 0xff, 0xff,
    0xff, 0xff, 0x70, 0xd, 0xff, 0xff, 0xff, 0xff,
    0xff, 0xff, 0xff, 0xff, 0xff, 0xff, 0xff, 0xff,
    0xf7, 0x0, 0x67, 0x77, 0x7f, 0xff, 0xff, 0x77,
    0x77, 0x77, 0xff, 0xff, 0xf7, 0x77, 0x77, 0x30,
    0x0, 0x0, 0x0, 0xef, 0xff, 0xa0, 0x0, 0x0,
    0xc, 0xff, 0xfc, 0x0, 0x0, 0x0, 0x0, 0x0,
    0x0, 0x2f, 0xff, 0xf7, 0x0, 0x0, 0x0, 0xff,
    0xff, 0x80, 0x0, 0x0, 0x0, 0x0, 0x0, 0x5,
    0xff, 0xff, 0x30, 0x0, 0x0, 0x3f, 0xff, 0xf5,
    0x0, 0x0, 0x0, 0x0, 0x0, 0x0, 0x8f, 0xff,
    0xf0, 0x0, 0x0, 0x6, 0xff, 0xff, 0x20, 0x0,
    0x0, 0x0, 0x0, 0x0, 0xb, 0xff, 0xfd, 0x0,
    0x0, 0x0, 0x9f, 0xff, 0xf0, 0x0, 0x0, 0x0,
    0x0, 0x0, 0x0, 0xef, 0xff, 0xa0, 0x0, 0x0,
    0xc, 0xff, 0xfc, 0x0, 0x0, 0x0, 0x0, 0x0,

    /* U+0024 "$" */
    0x0, 0x0, 0x0, 0x0, 0x28, 0x80, 0x0, 0x0,
    0x0, 0x0, 0x0, 0x0, 0x0, 0x0, 0x5f, 0xf0,
    0x0, 0x0, 0x0, 0x0, 0x0, 0x0, 0x0, 0x0,
    0x5f, 0xf0, 0x0, 0x0, 0x0, 0x0, 0x0, 0x0,
    0x0, 0x0, 0x5f, 0xf0, 0x0, 0x0, 0x0, 0x0,
    0x0, 0x0, 0x3, 0x8c, 0xff, 0xfd, 0xa5, 0x0,
    0x0, 0x0, 0x0, 0x1, 0xaf, 0xff, 0xff, 0xff,
    0xff, 0xe4, 0x0, 0x0, 0x0, 0x1e, 0xff, 0xff,
    0xff, 0xff, 0xff, 0xff, 0x60, 0x0, 0x0, 0xdf,
    0xff, 0xff, 0xff, 0xff, 0xff, 0xff, 0xf4, 0x0,
    0x5, 0xff, 0xff, 0xfc, 0xbf, 0xfb, 0xff, 0xff,
    0xfd, 0x0, 0xa, 0xff, 0xff, 0xb0, 0x5f, 0xf0,
    0x8f, 0xff, 0xff, 0x20, 0xc, 0xff, 0xff, 0x50,
    0x5f, 0xf0, 0xe, 0xff, 0xff, 0x50, 0xd, 0xff,
    0xff, 0x50, 0x5f, 0xf0, 0x4, 0x55, 0x55, 0x20,
    0xb, 0xff, 0xff, 0xb0, 0x5f, 0xf0, 0x0, 0x0,
    0x0, 0x0, 0x7, 0xff, 0xff, 0xfb, 0x8f, 0xf0,
    0x0, 0x0, 0x0, 0x0, 0x0, 0xef, 0xff, 0xff,
    0xff, 0xf1, 0x0, 0x0, 0x0, 0x0, 0x0, 0x3f,
    0xff, 0xff, 0xff, 0xff, 0xb5, 0x0, 0x0, 0x0,
    0x0, 0x2, 0xcf, 0xff, 0xff, 0xff, 0xff, 0xd5,
    0x0, 0x0, 0x0, 0x0, 0x4, 0xbf, 0xff, 0xff,
    0xff, 0xff, 0xb0, 0x0, 0x0, 0x0, 0x0, 0x1,
    0xcf, 0xff, 0xff, 0xff, 0xfb, 0x0, 0x0, 0x0,
    0x0, 0x0, 0x5f, 0xfa, 0xff, 0xff, 0xff, 0x60,
    0x0, 0x0, 0x0, 0x0, 0x5f, 0xf0, 0x3e, 0xff,
    0xff, 0xc0, 0x1, 0x11, 0x10, 0x0, 0x5f, 0xf0,
    0x6, 0xff, 0xff, 0xf0, 0x5f, 0xff, 0xfd, 0x0,
    0x5f, 0xf0, 0x2, 0xff, 0xff, 0xf1, 0x3f, 0xff,
    0xff, 0x20, 0x5f, 0xf0, 0x3, 0xff, 0xff, 0xf0,
    0xf, 0xff, 0xff, 0xc0, 0x5f, 0xf0, 0xa, 0xff,
    0xff, 0xd0, 0x8, 0xff, 0xff, 0xfd, 0xcf, 0xf6,
    0xcf, 0xff, 0xff, 0x70, 0x1, 0xdf, 0xff, 0xff,
    0xff, 0xff, 0xff, 0xff, 0xfc, 0x0, 0x0, 0x1e,
    0xff, 0xff, 0xff, 0xff, 0xff, 0xff, 0xe1, 0x0,
    0x0, 0x1, 0x9f, 0xff, 0xff, 0xff, 0xff, 0xfa,
    0x10, 0x0, 0x0, 0x0, 0x2, 0x7b, 0xff, 0xff,
    0xc8, 0x30, 0x0, 0x0, 0x0, 0x0, 0x0, 0x0,
    0x5f, 0xf0, 0x0, 0x0, 0x0, 0x0, 0x0, 0x0,
    0x0, 0x0, 0x5f, 0xf0, 0x0, 0x0, 0x0, 0x0,
    0x0, 0x0, 0x0, 0x0, 0x5f, 0xf0, 0x0, 0x0,
    0x0, 0x0,

    /* U+0025 "%" */
    0x0, 0x2, 0x9d, 0xfe, 0xc6, 0x0, 0x0, 0x0,
    0x0, 0x6, 0xff, 0xff, 0x50, 0x0, 0x0, 0x0,
    0x6f, 0xff, 0xff, 0xff, 0xc1, 0x0, 0x0, 0x0,
    0xe, 0xff, 0xfc, 0x0, 0x0, 0x0, 0x5, 0xff,
    0xff, 0xff, 0xff, 0xfd, 0x0, 0x0, 0x0, 0x7f,
    0xff, 0xf3, 0x0, 0x0, 0x0, 0xe, 0xff, 0xfc,
    0x68, 0xff, 0xff, 0x70, 0x0, 0x1, 0xff, 0xff,
    0xb0, 0x0, 0x0, 0x0, 0x4f, 0xff, 0xc0, 0x0,
    0x3f, 0xff, 0xd0, 0x0, 0x9, 0xff, 0xff, 0x20,
    0x0, 0x0, 0x0, 0x6f, 0xff, 0x60, 0x0, 0xd,
    0xff, 0xf0, 0x0, 0x2f, 0xff, 0xf9, 0x0, 0x0,
    0x0, 0x0, 0x7f, 0xff, 0x50, 0x0, 0xd, 0xff,
    0xf0, 0x0, 0xaf, 0xff, 0xf1, 0x0, 0x0, 0x0,
    0x0, 0x5f, 0xff, 0x90, 0x0, 0x1f, 0xff, 0xe0,
    0x3, 0xff, 0xff, 0x80, 0x0, 0x0, 0x0, 0x0,
    0x1f, 0xff, 0xf6, 0x2, 0xbf, 0xff, 0x90, 0xb,
    0xff, 0xfe, 0x0, 0x0, 0x0, 0x0, 0x0, 0x9,
    0xff, 0xff, 0xff, 0xff, 0xff, 0x20, 0x4f, 0xff,
    0xf6, 0x0, 0x0, 0x0, 0x0, 0x0, 0x0, 0xcf,
    0xff, 0xff, 0xff, 0xf6, 0x0, 0xdf, 0xff, 0xd0,
    0x0, 0x0, 0x0, 0x0, 0x0, 0x0, 0x8, 0xff,
    0xff, 0xfd, 0x40, 0x6, 0xff, 0xff, 0x50, 0x0,
    0x0, 0x0, 0x0, 0x0, 0x0, 0x0, 0x4, 0x65,
    0x30, 0x0, 0xe, 0xff, 0xfc, 0x0, 0x0, 0x0,
    0x0, 0x0, 0x0, 0x0, 0x0, 0x0, 0x0, 0x0,
    0x0, 0x7f, 0xff, 0xf4, 0x0, 0x29, 0xdf, 0xeb,
    0x50, 0x0, 0x0, 0x0, 0x0, 0x0, 0x0, 0x1,
    0xff, 0xff, 0xb0, 0x6, 0xff, 0xff, 0xff, 0xfb,
    0x10, 0x0, 0x0, 0x0, 0x0, 0x0, 0x8, 0xff,
    0xff, 0x20, 0x5f, 0xff, 0xff, 0xff, 0xff, 0xb0,
    0x0, 0x0, 0x0, 0x0, 0x0, 0x2f, 0xff, 0xf9,
    0x0, 0xef, 0xff, 0xb6, 0x8f, 0xff, 0xf4, 0x0,
    0x0, 0x0, 0x0, 0x0, 0xaf, 0xff, 0xf1, 0x4,
    0xff, 0xfb, 0x0, 0x5, 0xff, 0xfa, 0x0, 0x0,
    0x0, 0x0, 0x3, 0xff, 0xff, 0x80, 0x6, 0xff,
    0xf5, 0x0, 0x0, 0xff, 0xfd, 0x0, 0x0, 0x0,
    0x0, 0xb, 0xff, 0xfe, 0x0, 0x8, 0xff, 0xf4,
    0x0, 0x0, 0xef, 0xfe, 0x0, 0x0, 0x0, 0x0,
    0x4f, 0xff, 0xf7, 0x0, 0x6, 0xff, 0xf5, 0x0,
    0x0, 0xff, 0xfd, 0x0, 0x0, 0x0, 0x0, 0xcf,
    0xff, 0xd0, 0x0, 0x4, 0xff, 0xfc, 0x0, 0x6,
    0xff, 0xfa, 0x0, 0x0, 0x0, 0x5, 0xff, 0xff,
    0x50, 0x0, 0x0, 0xef, 0xff, 0xc7, 0x9f, 0xff,
    0xf4, 0x0, 0x0, 0x0, 0xe, 0xff, 0xfc, 0x0,
    0x0, 0x0, 0x4f, 0xff, 0xff, 0xff, 0xff, 0xb0,
    0x0, 0x0, 0x0, 0x7f, 0xff, 0xf4, 0x0, 0x0,
    0x0, 0x6, 0xff, 0xff, 0xff, 0xfb, 0x10, 0x0,
    0x0, 0x1, 0xef, 0xff, 0xb0, 0x0, 0x0, 0x0,
    0x0, 0x29, 0xdf, 0xeb, 0x50, 0x0,

    /* U+0026 "&" */
    0x0, 0x0, 0x0, 0x4, 0x9d, 0xef, 0xdb, 0x50,
    0x0, 0x0, 0x0, 0x0, 0x0, 0x0, 0x0, 0x0,
    0x1b, 0xff, 0xff, 0xff, 0xff, 0xd2, 0x0, 0x0,
    0x0, 0x0, 0x0, 0x0, 0x0, 0x1d, 0xff, 0xff,
    0xff, 0xff, 0xff, 0xe1, 0x0, 0x0, 0x0, 0x0,
    0x0, 0x0, 0x9, 0xff, 0xff, 0xfe, 0xdf, 0xff,
    0xff, 0xb0, 0x0, 0x0, 0x0, 0x0, 0x0, 0x0,
    0xff, 0xff, 0xf4, 0x0, 0x3e, 0xff, 0xff, 0x10,
    0x0, 0x0, 0x0, 0x0, 0x0, 0x2f, 0xff, 0xf8,
    0x0, 0x0, 0x7f, 0xff, 0xf4, 0x0, 0x0, 0x0,
    0x0, 0x0, 0x3, 0xff, 0xff, 0x70, 0x0, 0x1,
    0x66, 0x66, 0x20, 0x0, 0x0, 0x0, 0x0, 0x0,
    0x1f, 0xff, 0xfa, 0x0, 0x0, 0x0, 0x0, 0x0,
    0x0, 0x0, 0x0, 0x0, 0x0, 0x0, 0xcf, 0xff,
    0xf3, 0x0, 0x0, 0x0, 0x0, 0x0, 0x0, 0x0,
    0x0, 0x0, 0x0, 0x5, 0xff, 0xff, 0xe1, 0x0,
    0x0, 0x0, 0x0, 0x0, 0x0, 0x0, 0x0, 0x0,
    0x0, 0xb, 0xff, 0xff, 0xd1, 0x0, 0x0, 0x0,
    0x0, 0x0, 0x0, 0x0, 0x0, 0x0, 0x6, 0xff,
    0xff, 0xff, 0xd1, 0x0, 0x0, 0x0, 0x0, 0x0,
    0x0, 0x0, 0x0, 0xb, 0xff, 0xff, 0xff, 0xff,
    0xd1, 0x0, 0x0, 0x3, 0x66, 0x66, 0x20, 0x0,
    0xc, 0xff, 0xff, 0xff, 0xff, 0xff, 0xc1, 0x0,
    0x0, 0xdf, 0xff, 0xf1, 0x0, 0x7, 0xff, 0xff,
    0xe3, 0x1d, 0xff, 0xff, 0xc1, 0x0, 0x5f, 0xff,
    0xf9, 0x0, 0x0, 0xff, 0xff, 0xe1, 0x0, 0x1d,
    0xff, 0xff, 0xc1, 0xe, 0xff, 0xff, 0x10, 0x0,
    0x5f, 0xff, 0xf7, 0x0, 0x0, 0x1d, 0xff, 0xff,
    0xc8, 0xff, 0xff, 0x90, 0x0, 0x7, 0xff, 0xff,
    0x30, 0x0, 0x0, 0x1d, 0xff, 0xff, 0xff, 0xff,
    0xf1, 0x0, 0x0, 0x8f, 0xff, 0xf3, 0x0, 0x0,
    0x0, 0x1d, 0xff, 0xff, 0xff, 0xf6, 0x0, 0x0,
    0x7, 0xff, 0xff, 0x80, 0x0, 0x0, 0x0, 0x1e,
    0xff, 0xff, 0xfd, 0x0, 0x0, 0x0, 0x4f, 0xff,
    0xff, 0x30, 0x0, 0x0, 0x1, 0xdf, 0xff, 0xff,
    0xe0, 0x0, 0x0, 0x0, 0xef, 0xff, 0xff, 0x83,
    0x12, 0x49, 0xff, 0xff, 0xff, 0xff, 0xc0, 0x0,
    0x0, 0x5, 0xff, 0xff, 0xff, 0xff, 0xff, 0xff,
    0xff, 0xff, 0xff, 0xff, 0xb0, 0x0, 0x0, 0x7,
    0xff, 0xff, 0xff, 0xff, 0xff, 0xff, 0xfe, 0x6e,
    0xff, 0xff, 0xb0, 0x0, 0x0, 0x4, 0xef, 0xff,
    0xff, 0xff, 0xff, 0xf9, 0x10, 0x2e, 0xff, 0xff,
    0xb0, 0x0, 0x0, 0x0, 0x5a, 0xde, 0xff, 0xdb,
    0x61, 0x0, 0x0, 0x2e, 0xff, 0xff, 0xb0,

    /* U+0027 "'" */
    0x0, 0x0, 0x8, 0xff, 0xf9, 0x7f, 0xff, 0x96,
    0xff, 0xf8, 0x5f, 0xff, 0x74, 0xff, 0xf6, 0x3f,
    0xff, 0x52, 0xff, 0xf4, 0x1f, 0xff, 0x30,

    /* U+0028 "(" */
    0x0, 0x0, 0x0, 0x1, 0x33, 0x33, 0x10, 0x0,
    0x0, 0x1, 0xef, 0xff, 0xf3, 0x0, 0x0, 0x0,
    0xcf, 0xff, 0xf6, 0x0, 0x0, 0x0, 0x9f, 0xff,
    0xf9, 0x0, 0x0, 0x0, 0x4f, 0xff, 0xfd, 0x0,
    0x0, 0x0, 0xe, 0xff, 0xff, 0x40, 0x0, 0x0,
    0x7, 0xff, 0xff, 0xa0, 0x0, 0x0, 0x0, 0xef,
    0xff, 0xf2, 0x0, 0x0, 0x0, 0x6f, 0xff, 0xfa,
    0x0, 0x0, 0x0, 0xc, 0xff, 0xff, 0x30, 0x0,
    0x0, 0x1, 0xff, 0xff, 0xd0, 0x0, 0x0, 0x0,
    0x7f, 0xff, 0xf7, 0x0, 0x0, 0x0, 0xa, 0xff,
    0xff, 0x30, 0x0, 0x0, 0x0, 0xdf, 0xff, 0xf0,
    0x0, 0x0, 0x0, 0xf, 0xff, 0xfc, 0x0, 0x0,
    0x0, 0x2, 0xff, 0xff, 0x90, 0x0, 0x0, 0x0,
    0x3f, 0xff, 0xf8, 0x0, 0x0, 0x0, 0x4, 0xff,
    0xff, 0x70, 0x0, 0x0, 0x0, 0x5f, 0xff, 0xf6,
    0x0, 0x0, 0x0, 0x4, 0xff, 0xff, 0x70, 0x0,
    0x0, 0x0, 0x3f, 0xff, 0xf8, 0x0, 0x0, 0x0,
    0x2, 0xff, 0xff, 0xa0, 0x0, 0x0, 0x0, 0xf,
    0xff, 0xfd, 0x0, 0x0, 0x0, 0x0, 0xdf, 0xff,
    0xf0, 0x0, 0x0, 0x0, 0x9, 0xff, 0xff, 0x30,
    0x0, 0x0, 0x0, 0x6f, 0xff, 0xf9, 0x0, 0x0,
    0x0, 0x1, 0xff, 0xff, 0xe0, 0x0, 0x0, 0x0,
    0xb, 0xff, 0xff, 0x40, 0x0, 0x0, 0x0, 0x5f,
    0xff, 0xfc, 0x0, 0x0, 0x0, 0x0, 0xdf, 0xff,
    0xf4, 0x0, 0x0, 0x0, 0x5, 0xff, 0xff, 0xc0,
    0x0, 0x0, 0x0, 0xc, 0xff, 0xff, 0x60, 0x0,
    0x0, 0x0, 0x2f, 0xff, 0xff, 0x10, 0x0, 0x0,
    0x0, 0x7f, 0xff, 0xfc, 0x0, 0x0, 0x0, 0x0,
    0xaf, 0xff, 0xf9, 0x0, 0x0, 0x0, 0x0, 0xcf,
    0xff, 0xf5,

    /* U+0029 ")" */
    0x23, 0x33, 0x30, 0x0, 0x0, 0x0, 0xaf, 0xff,
    0xf9, 0x0, 0x0, 0x0, 0xd, 0xff, 0xff, 0x60,
    0x0, 0x0, 0x2, 0xef, 0xff, 0xf3, 0x0, 0x0,
    0x0, 0x5f, 0xff, 0xfc, 0x0, 0x0, 0x0, 0xb,
    0xff, 0xff, 0x70, 0x0, 0x0, 0x1, 0xff, 0xff,
    0xe0, 0x0, 0x0, 0x0, 0x9f, 0xff, 0xf7, 0x0,
    0x0, 0x0, 0x1f, 0xff, 0xfe, 0x0, 0x0, 0x0,
    0xa, 0xff, 0xff, 0x50, 0x0, 0x0, 0x4, 0xff,
    0xff, 0xa0, 0x0, 0x0, 0x0, 0xef, 0xff, 0xf0,
    0x0, 0x0, 0x0, 0xaf, 0xff, 0xf3, 0x0, 0x0,
    0x0, 0x7f, 0xff, 0xf6, 0x0, 0x0, 0x0, 0x3f,
    0xff, 0xf9, 0x0, 0x0, 0x0, 0xf, 0xff, 0xfb,
    0x0, 0x0, 0x0, 0xf, 0xff, 0xfc, 0x0, 0x0,
    0x0, 0xe, 0xff, 0xfd, 0x0, 0x0, 0x0, 0xe,
    0xff, 0xfe, 0x0, 0x0, 0x0, 0xe, 0xff, 0xfd,
    0x0, 0x0, 0x0, 0xf, 0xff, 0xfc, 0x0, 0x0,
    0x0, 0x1f, 0xff, 0xfb, 0x0, 0x0, 0x0, 0x4f,
    0xff, 0xf9, 0x0, 0x0, 0x0, 0x7f, 0xff, 0xf5,
    0x0, 0x0, 0x0, 0xbf, 0xff, 0xf2, 0x0, 0x0,
    0x0, 0xff, 0xff, 0xe0, 0x0, 0x0, 0x5, 0xff,
    0xff, 0x90, 0x0, 0x0, 0xb, 0xff, 0xff, 0x30,
    0x0, 0x0, 0x3f, 0xff, 0xfd, 0x0, 0x0, 0x0,
    0xbf, 0xff, 0xf6, 0x0, 0x0, 0x3, 0xff, 0xff,
    0xd0, 0x0, 0x0, 0xd, 0xff, 0xff, 0x50, 0x0,
    0x0, 0x8f, 0xff, 0xfa, 0x0, 0x0, 0x3, 0xff,
    0xff, 0xe1, 0x0, 0x0, 0x2e, 0xff, 0xff, 0x40,
    0x0, 0x0, 0xcf, 0xff, 0xf6, 0x0, 0x0, 0x0,

    /* U+002A "*" */
    0x0, 0x0, 0x5, 0xee, 0xe0, 0x0, 0x0, 0x0,
    0x0, 0x0, 0x3f, 0xfe, 0x0, 0x0, 0x0, 0x0,
    0xa0, 0x1, 0xff, 0xb0, 0x3, 0x70, 0x0, 0x8f,
    0xd2, 0xf, 0xf9, 0x7, 0xff, 0x20, 0x1f, 0xff,
    0xf5, 0xcf, 0x7a, 0xff, 0xfa, 0x1, 0x8e, 0xff,
    0xff, 0xff, 0xff, 0xfc, 0x50, 0x0, 0x5, 0xbf,
    0xff, 0xff, 0x92, 0x0, 0x0, 0x0, 0x5b, 0xff,
    0xff, 0xe8, 0x20, 0x0, 0x18, 0xef, 0xff, 0xff,
    0xff, 0xff, 0xb5, 0x2, 0xff, 0xff, 0x8c, 0xf7,
    0xcf, 0xff, 0xb0, 0x8, 0xff, 0x50, 0xff, 0x80,
    0xaf, 0xf2, 0x0, 0x1d, 0x30, 0x1f, 0xfa, 0x0,
    0x69, 0x0, 0x0, 0x0, 0x3, 0xff, 0xd0, 0x0,
    0x0, 0x0, 0x0, 0x0, 0x5f, 0xff, 0x0, 0x0,
    0x0,

    /* U+002B "+" */
    0x0, 0x0, 0x0, 0xa, 0xff, 0xf7, 0x0, 0x0,
    0x0, 0x0, 0x0, 0x0, 0x0, 0xaf, 0xff, 0x70,
    0x0, 0x0, 0x0, 0x0, 0x0, 0x0, 0xa, 0xff,
    0xf7, 0x0, 0x0, 0x0, 0x0, 0x0, 0x0, 0x0,
    0xaf, 0xff, 0x70, 0x0, 0x0, 0x0, 0x0, 0x0,
    0x0, 0xa, 0xff, 0xf7, 0x0, 0x0, 0x0, 0x0,
    0x0, 0x0, 0x0, 0xaf, 0xff, 0x70, 0x0, 0x0,
    0x0, 0x6f, 0xff, 0xff, 0xff, 0xff, 0xff, 0xff,
    0xff, 0xff, 0x36, 0xff, 0xff, 0xff, 0xff, 0xff,
    0xff, 0xff, 0xff, 0xf3, 0x6f, 0xff, 0xff, 0xff,
    0xff, 0xff, 0xff, 0xff, 0xff, 0x36, 0xff, 0xff,
    0xff, 0xff, 0xff, 0xff, 0xff, 0xff, 0xf3, 0x2,
    0x22, 0x22, 0x2c, 0xff, 0xfa, 0x22, 0x22, 0x22,
    0x0, 0x0, 0x0, 0x0, 0xaf, 0xff, 0x70, 0x0,
    0x0, 0x0, 0x0, 0x0, 0x0, 0xa, 0xff, 0xf7,
    0x0, 0x0, 0x0, 0x0, 0x0, 0x0, 0x0, 0xaf,
    0xff, 0x70, 0x0, 0x0, 0x0, 0x0, 0x0, 0x0,
    0xa, 0xff, 0xf7, 0x0, 0x0, 0x0, 0x0, 0x0,
    0x0, 0x0, 0xaf, 0xff, 0x70, 0x0, 0x0, 0x0,
    0x0, 0x0, 0x0, 0xa, 0xff, 0xf7, 0x0, 0x0,
    0x0, 0x0,

    /* U+002C "," */
    0x0, 0x15, 0x55, 0x52, 0x0, 0x5f, 0xff, 0xf3,
    0x0, 0x9f, 0xff, 0xd0, 0x0, 0xcf, 0xff, 0x70,
    0x0, 0xff, 0xff, 0x10, 0x3, 0xff, 0xfa, 0x0,
    0x7, 0xff, 0xf4, 0x0, 0xa, 0xff, 0xe0, 0x0,
    0xe, 0xff, 0x80, 0x0, 0x1f, 0xff, 0x20, 0x0,

    /* U+002D "-" */
    0x2, 0x22, 0x22, 0x22, 0x22, 0x22, 0x22, 0x22,
    0x3f, 0xff, 0xff, 0xff, 0xff, 0xff, 0xff, 0xff,
    0x3f, 0xff, 0xff, 0xff, 0xff, 0xff, 0xff, 0xff,
    0x3f, 0xff, 0xff, 0xff, 0xff, 0xff, 0xff, 0xff,
    0x3f, 0xff, 0xff, 0xff, 0xff, 0xff, 0xff, 0xff,

    /* U+002E "." */
    0x1, 0x8b, 0x91, 0x0, 0xdf, 0xff, 0xe1, 0x5f,
    0xff, 0xff, 0x66, 0xff, 0xff, 0xf7, 0x1f, 0xff,
    0xff, 0x20, 0x3c, 0xfd, 0x40,

    /* U+002F "/" */
    0x0, 0x0, 0x0, 0x0, 0x4, 0xff, 0xff, 0x60,
    0x0, 0x0, 0x0, 0x0, 0x9f, 0xff, 0xf2, 0x0,
    0x0, 0x0, 0x0, 0xd, 0xff, 0xfd, 0x0, 0x0,
    0x0, 0x0, 0x2, 0xff, 0xff, 0x90, 0x0, 0x0,
    0x0, 0x0, 0x6f, 0xff, 0xf5, 0x0, 0x0, 0x0,
    0x0, 0xa, 0xff, 0xff, 0x0, 0x0, 0x0, 0x0,
    0x0, 0xef, 0xff, 0xc0, 0x0, 0x0, 0x0, 0x0,
    0x3f, 0xff, 0xf8, 0x0, 0x0, 0x0, 0x0, 0x7,
    0xff, 0xff, 0x30, 0x0, 0x0, 0x0, 0x0, 0xcf,
    0xff, 0xf0, 0x0, 0x0, 0x0, 0x0, 0xf, 0xff,
    0xfa, 0x0, 0x0, 0x0, 0x0, 0x4, 0xff, 0xff,
    0x60, 0x0, 0x0, 0x0, 0x0, 0x9f, 0xff, 0xf2,
    0x0, 0x0, 0x0, 0x0, 0xd, 0xff, 0xfd, 0x0,
    0x0, 0x0, 0x0, 0x2, 0xff, 0xff, 0x90, 0x0,
    0x0, 0x0, 0x0, 0x6f, 0xff, 0xf5, 0x0, 0x0,
    0x0, 0x0, 0xa, 0xff, 0xff, 0x0, 0x0, 0x0,
    0x0, 0x0, 0xef, 0xff, 0xc0, 0x0, 0x0, 0x0,
    0x0, 0x3f, 0xff, 0xf8, 0x0, 0x0, 0x0, 0x0,
    0x7, 0xff, 0xff, 0x30, 0x0, 0x0, 0x0, 0x0,
    0xcf, 0xff, 0xf0, 0x0, 0x0, 0x0, 0x0, 0xf,
    0xff, 0xfa, 0x0, 0x0, 0x0, 0x0, 0x4, 0xff,
    0xff, 0x60, 0x0, 0x0, 0x0, 0x0, 0x9f, 0xff,
    0xf2, 0x0, 0x0, 0x0, 0x0, 0xd, 0xff, 0xfd,
    0x0, 0x0, 0x0, 0x0, 0x2, 0xff, 0xff, 0x90,
    0x0, 0x0, 0x0, 0x0, 0x6f, 0xff, 0xf5, 0x0,
    0x0, 0x0, 0x0, 0xa, 0xff, 0xff, 0x0, 0x0,
    0x0, 0x0, 0x0, 0xef, 0xff, 0xc0, 0x0, 0x0,
    0x0, 0x0, 0x3f, 0xff, 0xf8, 0x0, 0x0, 0x0,
    0x0, 0x7, 0xff, 0xff, 0x30, 0x0, 0x0, 0x0,
    0x0, 0xcf, 0xff, 0xf0, 0x0, 0x0, 0x0, 0x0,
    0xf, 0xff, 0xfa, 0x0, 0x0, 0x0, 0x0, 0x0,

    /* U+0030 "0" */
    0x0, 0x0, 0x0, 0x3, 0x9c, 0xef, 0xfd, 0xa5,
    0x0, 0x0, 0x0, 0x0, 0x0, 0x0, 0x2c, 0xff,
    0xff, 0xff, 0xff, 0xfe, 0x60, 0x0, 0x0, 0x0,
    0x0, 0x5f, 0xff, 0xff, 0xff, 0xff, 0xff, 0xff,
    0x90, 0x0, 0x0, 0x0, 0x4f, 0xff, 0xff, 0xff,
    0xff, 0xff, 0xff, 0xff, 0xa0, 0x0, 0x0, 0x1e,
    0xff, 0xff, 0xfe, 0xa8, 0x9d, 0xff, 0xff, 0xff,
    0x60, 0x0, 0xa, 0xff, 0xff, 0xf9, 0x0, 0x0,
    0x5, 0xff, 0xff, 0xfe, 0x0, 0x2, 0xff, 0xff,
    0xf8, 0x0, 0x0, 0x0, 0x4, 0xff, 0xff, 0xf7,
    0x0, 0x8f, 0xff, 0xfd, 0x0, 0x0, 0x0, 0x0,
    0x8, 0xff, 0xff, 0xd0, 0xc, 0xff, 0xff, 0x50,
    0x0, 0x0, 0x0, 0x0, 0x1f, 0xff, 0xff, 0x20,
    0xff, 0xff, 0xf1, 0x0, 0x0, 0x0, 0x0, 0x0,
    0xbf, 0xff, 0xf5, 0x2f, 0xff, 0xfd, 0x0, 0x0,
    0x0, 0x0, 0x0, 0x7, 0xff, 0xff, 0x84, 0xff,
    0xff, 0xb0, 0x0, 0x0, 0x0, 0x0, 0x0, 0x5f,
    0xff, 0xf9, 0x5f, 0xff, 0xfa, 0x0, 0x0, 0x0,
    0x0, 0x0, 0x4, 0xff, 0xff, 0xa5, 0xff, 0xff,
    0xa0, 0x0, 0x0, 0x0, 0x0, 0x0, 0x4f, 0xff,
    0xfa, 0x4f, 0xff, 0xfb, 0x0, 0x0, 0x0, 0x0,
    0x0, 0x5, 0xff, 0xff, 0x92, 0xff, 0xff, 0xd0,
    0x0, 0x0, 0x0, 0x0, 0x0, 0x7f, 0xff, 0xf8,
    0xf, 0xff, 0xff, 0x10, 0x0, 0x0, 0x0, 0x0,
    0xb, 0xff, 0xff, 0x50, 0xcf, 0xff, 0xf5, 0x0,
    0x0, 0x0, 0x0, 0x1, 0xff, 0xff, 0xf2, 0x8,
    0xff, 0xff, 0xd0, 0x0, 0x0, 0x0, 0x0, 0x8f,
    0xff, 0xfd, 0x0, 0x2f, 0xff, 0xff, 0x80, 0x0,
    0x0, 0x0, 0x3f, 0xff, 0xff, 0x70, 0x0, 0xaf,
    0xff, 0xff, 0x80, 0x0, 0x0, 0x4f, 0xff, 0xff,
    0xe0, 0x0, 0x1, 0xef, 0xff, 0xff, 0xe9, 0x78,
    0xcf, 0xff, 0xff, 0xf6, 0x0, 0x0, 0x4, 0xff,
    0xff, 0xff, 0xff, 0xff, 0xff, 0xff, 0xfa, 0x0,
    0x0, 0x0, 0x5, 0xff, 0xff, 0xff, 0xff, 0xff,
    0xff, 0xfa, 0x0, 0x0, 0x0, 0x0, 0x2, 0xcf,
    0xff, 0xff, 0xff, 0xff, 0xe6, 0x0, 0x0, 0x0,
    0x0, 0x0, 0x0, 0x39, 0xce, 0xff, 0xda, 0x50,
    0x0, 0x0, 0x0,

    /* U+0031 "1" */
    0x0, 0x0, 0x17, 0xef, 0xfa, 0x0, 0x29, 0xff,
    0xff, 0xfa, 0x3a, 0xff, 0xff, 0xff, 0xfa, 0xef,
    0xff, 0xff, 0xff, 0xfa, 0xef, 0xff, 0xff, 0xff,
    0xfa, 0xef, 0xff, 0xef, 0xff, 0xfa, 0xc9, 0x51,
    0x6f, 0xff, 0xfa, 0x0, 0x0, 0x6f, 0xff, 0xfa,
    0x0, 0x0, 0x6f, 0xff, 0xfa, 0x0, 0x0, 0x6f,
    0xff, 0xfa, 0x0, 0x0, 0x6f, 0xff, 0xfa, 0x0,
    0x0, 0x6f, 0xff, 0xfa, 0x0, 0x0, 0x6f, 0xff,
    0xfa, 0x0, 0x0, 0x6f, 0xff, 0xfa, 0x0, 0x0,
    0x6f, 0xff, 0xfa, 0x0, 0x0, 0x6f, 0xff, 0xfa,
    0x0, 0x0, 0x6f, 0xff, 0xfa, 0x0, 0x0, 0x6f,
    0xff, 0xfa, 0x0, 0x0, 0x6f, 0xff, 0xfa, 0x0,
    0x0, 0x6f, 0xff, 0xfa, 0x0, 0x0, 0x6f, 0xff,
    0xfa, 0x0, 0x0, 0x6f, 0xff, 0xfa, 0x0, 0x0,
    0x6f, 0xff, 0xfa, 0x0, 0x0, 0x6f, 0xff, 0xfa,
    0x0, 0x0, 0x6f, 0xff, 0xfa, 0x0, 0x0, 0x6f,
    0xff, 0xfa,

    /* U+0032 "2" */
    0x0, 0x0, 0x2, 0x8c, 0xef, 0xfd, 0x93, 0x0,
    0x0, 0x0, 0x0, 0x9, 0xff, 0xff, 0xff, 0xff,
    0xfa, 0x0, 0x0, 0x0, 0xd, 0xff, 0xff, 0xff,
    0xff, 0xff, 0xfd, 0x0, 0x0, 0xa, 0xff, 0xff,
    0xff, 0xff, 0xff, 0xff, 0xfa, 0x0, 0x4, 0xff,
    0xff, 0xfb, 0x53, 0x5c, 0xff, 0xff, 0xf2, 0x0,
    0xaf, 0xff, 0xf8, 0x0, 0x0, 0xc, 0xff, 0xff,
    0x80, 0xe, 0xff, 0xfe, 0x0, 0x0, 0x0, 0x4f,
    0xff, 0xfa, 0x1, 0xff, 0xff, 0xa0, 0x0, 0x0,
    0x1, 0xff, 0xff, 0xc0, 0x18, 0x88, 0x84, 0x0,
    0x0, 0x0, 0x1f, 0xff, 0xfb, 0x0, 0x0, 0x0,
    0x0, 0x0, 0x0, 0x4, 0xff, 0xff, 0x90, 0x0,
    0x0, 0x0, 0x0, 0x0, 0x0, 0xaf, 0xff, 0xf5,
    0x0, 0x0, 0x0, 0x0, 0x0, 0x0, 0x2f, 0xff,
    0xfe, 0x0, 0x0, 0x0, 0x0, 0x0, 0x0, 0xd,
    0xff, 0xff, 0x70, 0x0, 0x0, 0x0, 0x0, 0x0,
    0x9, 0xff, 0xff, 0xd0, 0x0, 0x0, 0x0, 0x0,
    0x0, 0x6, 0xff, 0xff, 0xf3, 0x0, 0x0, 0x0,
    0x0, 0x0, 0x5, 0xff, 0xff, 0xf6, 0x0, 0x0,
    0x0, 0x0, 0x0, 0x6, 0xff, 0xff, 0xf8, 0x0,
    0x0, 0x0, 0x0, 0x0, 0x7, 0xff, 0xff, 0xf9,
    0x0, 0x0, 0x0, 0x0, 0x0, 0x8, 0xff, 0xff,
    0xf8, 0x0, 0x0, 0x0, 0x0, 0x0, 0xb, 0xff,
    0xff, 0xf7, 0x0, 0x0, 0x0, 0x0, 0x0, 0x2d,
    0xff, 0xff, 0xf5, 0x0, 0x0, 0x0, 0x0, 0x0,
    0x3e, 0xff, 0xff, 0xe4, 0x0, 0x0, 0x0, 0x0,
    0x0, 0x2f, 0xff, 0xff, 0xff, 0xff, 0xff, 0xff,
    0xff, 0xff, 0x63, 0xff, 0xff, 0xff, 0xff, 0xff,
    0xff, 0xff, 0xff, 0xf6, 0x3f, 0xff, 0xff, 0xff,
    0xff, 0xff, 0xff, 0xff, 0xff, 0x63, 0xff, 0xff,
    0xff, 0xff, 0xff, 0xff, 0xff, 0xff, 0xf6,

    /* U+0033 "3" */
    0x0, 0x0, 0x2, 0x7c, 0xef, 0xed, 0xa5, 0x0,
    0x0, 0x0, 0x0, 0x8, 0xff, 0xff, 0xff, 0xff,
    0xfd, 0x40, 0x0, 0x0, 0xb, 0xff, 0xff, 0xff,
    0xff, 0xff, 0xff, 0x50, 0x0, 0x9, 0xff, 0xff,
    0xff, 0xff, 0xff, 0xff, 0xff, 0x10, 0x1, 0xff,
    0xff, 0xfd, 0x64, 0x49, 0xff, 0xff, 0xf8, 0x0,
    0x7f, 0xff, 0xfc, 0x0, 0x0, 0x6, 0xff, 0xff,
    0xc0, 0x9, 0xff, 0xff, 0x30, 0x0, 0x0, 0xf,
    0xff, 0xfd, 0x0, 0x46, 0x66, 0x60, 0x0, 0x0,
    0x0, 0xff, 0xff, 0xc0, 0x0, 0x0, 0x0, 0x0,
    0x0, 0x0, 0x5f, 0xff, 0xf8, 0x0, 0x0, 0x0,
    0x0, 0x0, 0x13, 0x9f, 0xff, 0xff, 0x10, 0x0,
    0x0, 0x0, 0xf, 0xff, 0xff, 0xff, 0xff, 0x40,
    0x0, 0x0, 0x0, 0x0, 0xff, 0xff, 0xff, 0xfa,
    0x20, 0x0, 0x0, 0x0, 0x0, 0xf, 0xff, 0xff,
    0xff, 0xd6, 0x0, 0x0, 0x0, 0x0, 0x0, 0xff,
    0xff, 0xff, 0xff, 0xfa, 0x0, 0x0, 0x0, 0x0,
    0x1, 0x12, 0x49, 0xff, 0xff, 0xf8, 0x0, 0x0,
    0x0, 0x0, 0x0, 0x0, 0x3, 0xff, 0xff, 0xf0,
    0x0, 0x0, 0x0, 0x0, 0x0, 0x0, 0x8, 0xff,
    0xff, 0x51, 0x77, 0x77, 0x30, 0x0, 0x0, 0x0,
    0x4f, 0xff, 0xf7, 0x3f, 0xff, 0xf9, 0x0, 0x0,
    0x0, 0x4, 0xff, 0xff, 0x70, 0xff, 0xff, 0xe0,
    0x0, 0x0, 0x0, 0x7f, 0xff, 0xf5, 0xc, 0xff,
    0xff, 0x90, 0x0, 0x0, 0x2f, 0xff, 0xff, 0x20,
    0x6f, 0xff, 0xff, 0xc5, 0x33, 0x7f, 0xff, 0xff,
    0xb0, 0x0, 0xcf, 0xff, 0xff, 0xff, 0xff, 0xff,
    0xff, 0xf3, 0x0, 0x1, 0xdf, 0xff, 0xff, 0xff,
    0xff, 0xff, 0xf6, 0x0, 0x0, 0x0, 0x9f, 0xff,
    0xff, 0xff, 0xff, 0xe4, 0x0, 0x0, 0x0, 0x0,
    0x27, 0xcd, 0xff, 0xeb, 0x60, 0x0, 0x0,

    /* U+0034 "4" */
    0x0, 0x0, 0x0, 0x0, 0x0, 0x1, 0xef, 0xff,
    0xfd, 0x0, 0x0, 0x0, 0x0, 0x0, 0x0, 0x0,
    0xa, 0xff, 0xff, 0xfd, 0x0, 0x0, 0x0, 0x0,
    0x0, 0x0, 0x0, 0x5f, 0xff, 0xff, 0xfd, 0x0,
    0x0, 0x0, 0x0, 0x0, 0x0, 0x1, 0xef, 0xff,
    0xff, 0xfd, 0x0, 0x0, 0x0, 0x0, 0x0, 0x0,
    0xa, 0xff, 0xff, 0xff, 0xfd, 0x0, 0x0, 0x0,
    0x0, 0x0, 0x0, 0x5f, 0xff, 0xfe, 0xff, 0xfd,
    0x0, 0x0, 0x0, 0x0, 0x0, 0x1, 0xef, 0xff,
    0xba, 0xff, 0xfd, 0x0, 0x0, 0x0, 0x0, 0x0,
    0xb, 0xff, 0xff, 0x1a, 0xff, 0xfd, 0x0, 0x0,
    0x0, 0x0, 0x0, 0x6f, 0xff, 0xf6, 0xa, 0xff,
    0xfd, 0x0, 0x0, 0x0, 0x0, 0x1, 0xff, 0xff,
    0xb0, 0xa, 0xff, 0xfd, 0x0, 0x0, 0x0, 0x0,
    0xb, 0xff, 0xff, 0x10, 0xa, 0xff, 0xfd, 0x0,
    0x0, 0x0, 0x0, 0x6f, 0xff, 0xf6, 0x0, 0xa,
    0xff, 0xfd, 0x0, 0x0, 0x0, 0x2, 0xff, 0xff,
    0xc0, 0x0, 0xa, 0xff, 0xfd, 0x0, 0x0, 0x0,
    0xc, 0xff, 0xff, 0x20, 0x0, 0xa, 0xff, 0xfd,
    0x0, 0x0, 0x0, 0x6f, 0xff, 0xf7, 0x0, 0x0,
    0xa, 0xff, 0xfd, 0x0, 0x0, 0x2, 0xff, 0xff,
    0xc0, 0x0, 0x0, 0xa, 0xff, 0xfd, 0x0, 0x0,
    0xc, 0xff, 0xff, 0x20, 0x0, 0x0, 0xa, 0xff,
    0xfd, 0x0, 0x0, 0x5f, 0xff, 0xff, 0xff, 0xff,
    0xff, 0xff, 0xff, 0xff, 0xff, 0xf2, 0x6f, 0xff,
    0xff, 0xff, 0xff, 0xff, 0xff, 0xff, 0xff, 0xff,
    0xf2, 0x6f, 0xff, 0xff, 0xff, 0xff, 0xff, 0xff,
    0xff, 0xff, 0xff, 0xf2, 0x6f, 0xff, 0xff, 0xff,
    0xff, 0xff, 0xff, 0xff, 0xff, 0xff, 0xf2, 0x15,
    0x55, 0x55, 0x55, 0x55, 0x55, 0x5f, 0xff, 0xfe,
    0x55, 0x50, 0x0, 0x0, 0x0, 0x0, 0x0, 0x0,
    0xf, 0xff, 0xfd, 0x0, 0x0, 0x0, 0x0, 0x0,
    0x0, 0x0, 0x0, 0xf, 0xff, 0xfd, 0x0, 0x0,
    0x0, 0x0, 0x0, 0x0, 0x0, 0x0, 0xf, 0xff,
    0xfd, 0x0, 0x0, 0x0, 0x0, 0x0, 0x0, 0x0,
    0x0, 0xf, 0xff, 0xfd, 0x0, 0x0,

    /* U+0035 "5" */
    0x0, 0x5f, 0xff, 0xff, 0xff, 0xff, 0xff, 0xff,
    0xe0, 0x0, 0x7, 0xff, 0xff, 0xff, 0xff, 0xff,
    0xff, 0xfe, 0x0, 0x0, 0x9f, 0xff, 0xff, 0xff,
    0xff, 0xff, 0xff, 0xe0, 0x0, 0xc, 0xff, 0xff,
    0xff, 0xff, 0xff, 0xff, 0xfe, 0x0, 0x0, 0xef,
    0xff, 0x85, 0x55, 0x55, 0x55, 0x55, 0x40, 0x0,
    0xf, 0xff, 0xf2, 0x0, 0x0, 0x0, 0x0, 0x0,
    0x0, 0x2, 0xff, 0xff, 0x0, 0x0, 0x0, 0x0,
    0x0, 0x0, 0x0, 0x5f, 0xff, 0xc0, 0x0, 0x0,
    0x0, 0x0, 0x0, 0x0, 0x7, 0xff, 0xf9, 0x7,
    0xce, 0xfe, 0xc7, 0x10, 0x0, 0x0, 0x9f, 0xff,
    0xae, 0xff, 0xff, 0xff, 0xfe, 0x40, 0x0, 0xc,
    0xff, 0xff, 0xff, 0xff, 0xff, 0xff, 0xff, 0x50,
    0x0, 0xef, 0xff, 0xff, 0xff, 0xff, 0xff, 0xff,
    0xff, 0x10, 0xf, 0xff, 0xff, 0xf7, 0x20, 0x27,
    0xff, 0xff, 0xf9, 0x3, 0xff, 0xff, 0xf3, 0x0,
    0x0, 0x4, 0xff, 0xff, 0xf0, 0x29, 0x99, 0x94,
    0x0, 0x0, 0x0, 0xa, 0xff, 0xff, 0x40, 0x0,
    0x0, 0x0, 0x0, 0x0, 0x0, 0x4f, 0xff, 0xf6,
    0x0, 0x0, 0x0, 0x0, 0x0, 0x0, 0x3, 0xff,
    0xff, 0x70, 0x0, 0x0, 0x0, 0x0, 0x0, 0x0,
    0x3f, 0xff, 0xf7, 0x6a, 0xaa, 0xa2, 0x0, 0x0,
    0x0, 0x6, 0xff, 0xff, 0x56, 0xff, 0xff, 0x80,
    0x0, 0x0, 0x0, 0xdf, 0xff, 0xf1, 0x3f, 0xff,
    0xff, 0x50, 0x0, 0x0, 0x8f, 0xff, 0xfc, 0x0,
    0xcf, 0xff, 0xff, 0xa6, 0x46, 0xcf, 0xff, 0xff,
    0x50, 0x3, 0xff, 0xff, 0xff, 0xff, 0xff, 0xff,
    0xff, 0xa0, 0x0, 0x5, 0xff, 0xff, 0xff, 0xff,
    0xff, 0xff, 0xc0, 0x0, 0x0, 0x3, 0xdf, 0xff,
    0xff, 0xff, 0xff, 0x90, 0x0, 0x0, 0x0, 0x0,
    0x49, 0xce, 0xfe, 0xc8, 0x20, 0x0, 0x0,

    /* U+0036 "6" */
    0x0, 0x0, 0x0, 0x6, 0xbe, 0xfe, 0xda, 0x40,
    0x0, 0x0, 0x0, 0x0, 0x5, 0xef, 0xff, 0xff,
    0xff, 0xfd, 0x20, 0x0, 0x0, 0x0, 0x7f, 0xff,
    0xff, 0xff, 0xff, 0xff, 0xf4, 0x0, 0x0, 0x5,
    0xff, 0xff, 0xff, 0xff, 0xff, 0xff, 0xfe, 0x10,
    0x0, 0x1e, 0xff, 0xff, 0xb4, 0x23, 0x6d, 0xff,
    0xff, 0x90, 0x0, 0x9f, 0xff, 0xf9, 0x0, 0x0,
    0x1, 0xdf, 0xff, 0xf0, 0x0, 0xff, 0xff, 0xd0,
    0x0, 0x0, 0x0, 0x6f, 0xff, 0xf3, 0x5, 0xff,
    0xff, 0x50, 0x0, 0x0, 0x0, 0x0, 0x0, 0x0,
    0x9, 0xff, 0xff, 0x10, 0x0, 0x2, 0x20, 0x0,
    0x0, 0x0, 0xd, 0xff, 0xfd, 0x0, 0x6d, 0xff,
    0xff, 0xb3, 0x0, 0x0, 0xf, 0xff, 0xfb, 0x1c,
    0xff, 0xff, 0xff, 0xff, 0x80, 0x0, 0x1f, 0xff,
    0xfa, 0xdf, 0xff, 0xff, 0xff, 0xff, 0xfa, 0x0,
    0x2f, 0xff, 0xff, 0xff, 0xff, 0xff, 0xff, 0xff,
    0xff, 0x60, 0x3f, 0xff, 0xff, 0xff, 0x82, 0x1,
    0x6e, 0xff, 0xff, 0xe0, 0x2f, 0xff, 0xff, 0xf4,
    0x0, 0x0, 0x1, 0xef, 0xff, 0xf5, 0x1f, 0xff,
    0xff, 0x90, 0x0, 0x0, 0x0, 0x5f, 0xff, 0xf9,
    0xf, 0xff, 0xff, 0x40, 0x0, 0x0, 0x0, 0xf,
    0xff, 0xfb, 0xd, 0xff, 0xff, 0x30, 0x0, 0x0,
    0x0, 0xf, 0xff, 0xfb, 0x9, 0xff, 0xff, 0x50,
    0x0, 0x0, 0x0, 0x1f, 0xff, 0xfa, 0x4, 0xff,
    0xff, 0xb0, 0x0, 0x0, 0x0, 0x7f, 0xff, 0xf7,
    0x0, 0xdf, 0xff, 0xf8, 0x0, 0x0, 0x4, 0xff,
    0xff, 0xf2, 0x0, 0x5f, 0xff, 0xff, 0xc6, 0x45,
    0xaf, 0xff, 0xff, 0xa0, 0x0, 0xb, 0xff, 0xff,
    0xff, 0xff, 0xff, 0xff, 0xfe, 0x10, 0x0, 0x0,
    0xcf, 0xff, 0xff, 0xff, 0xff, 0xff, 0xe3, 0x0,
    0x0, 0x0, 0x8, 0xff, 0xff, 0xff, 0xff, 0xfc,
    0x20, 0x0, 0x0, 0x0, 0x0, 0x28, 0xce, 0xff,
    0xda, 0x50, 0x0, 0x0,

    /* U+0037 "7" */
    0xff, 0xff, 0xff, 0xff, 0xff, 0xff, 0xff, 0xff,
    0xf3, 0xff, 0xff, 0xff, 0xff, 0xff, 0xff, 0xff,
    0xff, 0xf3, 0xff, 0xff, 0xff, 0xff, 0xff, 0xff,
    0xff, 0xff, 0xf3, 0xff, 0xff, 0xff, 0xff, 0xff,
    0xff, 0xff, 0xff, 0xf2, 0x33, 0x33, 0x33, 0x33,
    0x33, 0x33, 0xef, 0xff, 0xc0, 0x0, 0x0, 0x0,
    0x0, 0x0, 0x4, 0xff, 0xff, 0x60, 0x0, 0x0,
    0x0, 0x0, 0x0, 0xb, 0xff, 0xff, 0x0, 0x0,
    0x0, 0x0, 0x0, 0x0, 0x2f, 0xff, 0xf9, 0x0,
    0x0, 0x0, 0x0, 0x0, 0x0, 0x9f, 0xff, 0xf2,
    0x0, 0x0, 0x0, 0x0, 0x0, 0x0, 0xff, 0xff,
    0xc0, 0x0, 0x0, 0x0, 0x0, 0x0, 0x6, 0xff,
    0xff, 0x50, 0x0, 0x0, 0x0, 0x0, 0x0, 0xd,
    0xff, 0xfe, 0x0, 0x0, 0x0, 0x0, 0x0, 0x0,
    0x4f, 0xff, 0xf8, 0x0, 0x0, 0x0, 0x0, 0x0,
    0x0, 0xbf, 0xff, 0xf2, 0x0, 0x0, 0x0, 0x0,
    0x0, 0x1, 0xff, 0xff, 0xb0, 0x0, 0x0, 0x0,
    0x0, 0x0, 0x8, 0xff, 0xff, 0x50, 0x0, 0x0,
    0x0, 0x0, 0x0, 0xe, 0xff, 0xfe, 0x0, 0x0,
    0x0, 0x0, 0x0, 0x0, 0x6f, 0xff, 0xf8, 0x0,
    0x0, 0x0, 0x0, 0x0, 0x0, 0xcf, 0xff, 0xf1,
    0x0, 0x0, 0x0, 0x0, 0x0, 0x3, 0xff, 0xff,
    0xa0, 0x0, 0x0, 0x0, 0x0, 0x0, 0xa, 0xff,
    0xff, 0x40, 0x0, 0x0, 0x0, 0x0, 0x0, 0x1f,
    0xff, 0xfd, 0x0, 0x0, 0x0, 0x0, 0x0, 0x0,
    0x8f, 0xff, 0xf7, 0x0, 0x0, 0x0, 0x0, 0x0,
    0x0, 0xef, 0xff, 0xf1, 0x0, 0x0, 0x0, 0x0,
    0x0, 0x5, 0xff, 0xff, 0xa0, 0x0, 0x0, 0x0,
    0x0, 0x0, 0xc, 0xff, 0xff, 0x30, 0x0, 0x0,
    0x0, 0x0,

    /* U+0038 "8" */
    0x0, 0x0, 0x5, 0xad, 0xef, 0xec, 0x94, 0x0,
    0x0, 0x0, 0x0, 0x5e, 0xff, 0xff, 0xff, 0xff,
    0xfd, 0x30, 0x0, 0x0, 0x8f, 0xff, 0xff, 0xff,
    0xff, 0xff, 0xff, 0x40, 0x0, 0x4f, 0xff, 0xff,
    0xff, 0xff, 0xff, 0xff, 0xff, 0x10, 0xc, 0xff,
    0xff, 0xe6, 0x21, 0x38, 0xff, 0xff, 0xf8, 0x1,
    0xff, 0xff, 0xf2, 0x0, 0x0, 0x5, 0xff, 0xff,
    0xd0, 0x3f, 0xff, 0xfb, 0x0, 0x0, 0x0, 0xf,
    0xff, 0xff, 0x1, 0xff, 0xff, 0xa0, 0x0, 0x0,
    0x0, 0xef, 0xff, 0xd0, 0xd, 0xff, 0xfd, 0x0,
    0x0, 0x0, 0x2f, 0xff, 0xf9, 0x0, 0x5f, 0xff,
    0xfa, 0x10, 0x0, 0x2c, 0xff, 0xff, 0x10, 0x0,
    0x7f, 0xff, 0xff, 0xca, 0xcf, 0xff, 0xff, 0x30,
    0x0, 0x0, 0x4e, 0xff, 0xff, 0xff, 0xff, 0xfc,
    0x20, 0x0, 0x0, 0x1b, 0xff, 0xff, 0xff, 0xff,
    0xff, 0xf9, 0x0, 0x0, 0x1e, 0xff, 0xff, 0xff,
    0xff, 0xff, 0xff, 0xfb, 0x0, 0xc, 0xff, 0xff,
    0xc4, 0x10, 0x16, 0xef, 0xff, 0xf8, 0x4, 0xff,
    0xff, 0xb0, 0x0, 0x0, 0x1, 0xef, 0xff, 0xf1,
    0x9f, 0xff, 0xf2, 0x0, 0x0, 0x0, 0x6, 0xff,
    0xff, 0x5c, 0xff, 0xfe, 0x0, 0x0, 0x0, 0x0,
    0x3f, 0xff, 0xf8, 0xdf, 0xff, 0xe0, 0x0, 0x0,
    0x0, 0x3, 0xff, 0xff, 0x9c, 0xff, 0xff, 0x20,
    0x0, 0x0, 0x0, 0x7f, 0xff, 0xf8, 0x8f, 0xff,
    0xfc, 0x0, 0x0, 0x0, 0x2e, 0xff, 0xff, 0x42,
    0xff, 0xff, 0xfd, 0x63, 0x24, 0x8f, 0xff, 0xff,
    0xe0, 0x7, 0xff, 0xff, 0xff, 0xff, 0xff, 0xff,
    0xff, 0xf4, 0x0, 0x9, 0xff, 0xff, 0xff, 0xff,
    0xff, 0xff, 0xf5, 0x0, 0x0, 0x5, 0xef, 0xff,
    0xff, 0xff, 0xff, 0xc3, 0x0, 0x0, 0x0, 0x0,
    0x5a, 0xde, 0xfe, 0xc8, 0x30, 0x0, 0x0,

    /* U+0039 "9" */
    0x0, 0x0, 0x6, 0xbe, 0xff, 0xeb, 0x71, 0x0,
    0x0, 0x0, 0x0, 0x4, 0xef, 0xff, 0xff, 0xff,
    0xff, 0x60, 0x0, 0x0, 0x0, 0x7f, 0xff, 0xff,
    0xff, 0xff, 0xff, 0xf9, 0x0, 0x0, 0x4, 0xff,
    0xff, 0xff, 0xff, 0xff, 0xff, 0xff, 0x70, 0x0,
    0xe, 0xff, 0xff, 0xe9, 0x55, 0x7d, 0xff, 0xff,
    0xf2, 0x0, 0x6f, 0xff, 0xfd, 0x10, 0x0, 0x0,
    0x8f, 0xff, 0xfb, 0x0, 0xbf, 0xff, 0xf2, 0x0,
    0x0, 0x0, 0xc, 0xff, 0xff, 0x10, 0xdf, 0xff,
    0xd0, 0x0, 0x0, 0x0, 0x6, 0xff, 0xff, 0x60,
    0xef, 0xff, 0xd0, 0x0, 0x0, 0x0, 0x6, 0xff,
    0xff, 0xa0, 0xdf, 0xff, 0xf1, 0x0, 0x0, 0x0,
    0xa, 0xff, 0xff, 0xc0, 0x9f, 0xff, 0xfa, 0x0,
    0x0, 0x0, 0x4f, 0xff, 0xff, 0xe0, 0x4f, 0xff,
    0xff, 0xb4, 0x10, 0x28, 0xff, 0xff, 0xff, 0xf0,
    0xb, 0xff, 0xff, 0xff, 0xff, 0xff, 0xff, 0xff,
    0xff, 0xf0, 0x1, 0xef, 0xff, 0xff, 0xff, 0xff,
    0xfc, 0xcf, 0xff, 0xf0, 0x0, 0x1c, 0xff, 0xff,
    0xff, 0xff, 0xb0, 0xdf, 0xff, 0xe0, 0x0, 0x0,
    0x5c, 0xff, 0xff, 0xc5, 0x0, 0xef, 0xff, 0xc0,
    0x0, 0x0, 0x0, 0x2, 0x20, 0x0, 0x1, 0xff,
    0xff, 0xa0, 0x0, 0x0, 0x0, 0x0, 0x0, 0x0,
    0x5, 0xff, 0xff, 0x70, 0x49, 0x99, 0x91, 0x0,
    0x0, 0x0, 0xb, 0xff, 0xff, 0x20, 0x4f, 0xff,
    0xf6, 0x0, 0x0, 0x0, 0x2f, 0xff, 0xfd, 0x0,
    0xf, 0xff, 0xfe, 0x10, 0x0, 0x0, 0xdf, 0xff,
    0xf6, 0x0, 0x9, 0xff, 0xff, 0xe6, 0x22, 0x5d,
    0xff, 0xff, 0xd0, 0x0, 0x1, 0xef, 0xff, 0xff,
    0xff, 0xff, 0xff, 0xff, 0x30, 0x0, 0x0, 0x3f,
    0xff, 0xff, 0xff, 0xff, 0xff, 0xf5, 0x0, 0x0,
    0x0, 0x2, 0xdf, 0xff, 0xff, 0xff, 0xfd, 0x30,
    0x0, 0x0, 0x0, 0x0, 0x6, 0xbe, 0xff, 0xea,
    0x50, 0x0, 0x0, 0x0,

    /* U+003A ":" */
    0x3, 0xcf, 0xd4, 0x1, 0xff, 0xff, 0xf2, 0x6f,
    0xff, 0xff, 0x75, 0xff, 0xff, 0xf6, 0xd, 0xff,
    0xfe, 0x10, 0x18, 0xb8, 0x10, 0x0, 0x0, 0x0,
    0x0, 0x0, 0x0, 0x0, 0x0, 0x0, 0x0, 0x0,
    0x0, 0x0, 0x0, 0x0, 0x0, 0x0, 0x0, 0x0,
    0x0, 0x0, 0x0, 0x0, 0x0, 0x0, 0x18, 0xb9,
    0x10, 0xd, 0xff, 0xfe, 0x15, 0xff, 0xff, 0xf6,
    0x6f, 0xff, 0xff, 0x71, 0xff, 0xff, 0xf2, 0x3,
    0xcf, 0xd4, 0x0,

    /* U+003B ";" */
    0x0, 0x5d, 0xfc, 0x30, 0x3, 0xff, 0xff, 0xe1,
    0x8, 0xff, 0xff, 0xf5, 0x7, 0xff, 0xff, 0xf4,
    0x1, 0xef, 0xff, 0xc0, 0x0, 0x19, 0xb8, 0x0,
    0x0, 0x0, 0x0, 0x0, 0x0, 0x0, 0x0, 0x0,
    0x0, 0x0, 0x0, 0x0, 0x0, 0x0, 0x0, 0x0,
    0x0, 0x0, 0x0, 0x0, 0x0, 0x0, 0x0, 0x0,
    0x0, 0x0, 0x0, 0x0, 0x0, 0x0, 0x0, 0x0,
    0x0, 0xff, 0xff, 0x90, 0x3, 0xff, 0xff, 0x30,
    0x6, 0xff, 0xfd, 0x0, 0xa, 0xff, 0xf7, 0x0,
    0xd, 0xff, 0xf1, 0x0, 0x1f, 0xff, 0xb0, 0x0,
    0x4f, 0xff, 0x50, 0x0, 0x8f, 0xfe, 0x0, 0x0,
    0xbf, 0xf9, 0x0, 0x0, 0x55, 0x51, 0x0, 0x0,

    /* U+003C "<" */
    0x0, 0x0, 0x0, 0x3, 0xff, 0xff, 0xfd, 0x10,
    0x0, 0x0, 0x2, 0xef, 0xff, 0xfe, 0x20, 0x0,
    0x0, 0x2, 0xef, 0xff, 0xfe, 0x20, 0x0, 0x0,
    0x1, 0xdf, 0xff, 0xfe, 0x20, 0x0, 0x0, 0x1,
    0xdf, 0xff, 0xff, 0x30, 0x0, 0x0, 0x1, 0xdf,
    0xff, 0xff, 0x30, 0x0, 0x0, 0x0, 0xcf, 0xff,
    0xff, 0x40, 0x0, 0x0, 0x0, 0xcf, 0xff, 0xff,
    0x40, 0x0, 0x0, 0x0, 0x5f, 0xff, 0xff, 0xc0,
    0x0, 0x0, 0x0, 0x0, 0x7f, 0xff, 0xff, 0x90,
    0x0, 0x0, 0x0, 0x0, 0x7f, 0xff, 0xff, 0x90,
    0x0, 0x0, 0x0, 0x0, 0x8f, 0xff, 0xff, 0x80,
    0x0, 0x0, 0x0, 0x0, 0x9f, 0xff, 0xff, 0x80,
    0x0, 0x0, 0x0, 0x0, 0x9f, 0xff, 0xff, 0x70,
    0x0, 0x0, 0x0, 0x0, 0xaf, 0xff, 0xff, 0x70,
    0x0, 0x0, 0x0, 0x0, 0xaf, 0xff, 0xff, 0x60,
    0x0, 0x0, 0x0, 0x0, 0x89, 0x99, 0x99, 0x10,

    /* U+003D "=" */
    0x15, 0x55, 0x55, 0x55, 0x55, 0x55, 0x55, 0x55,
    0x4, 0xff, 0xff, 0xff, 0xff, 0xff, 0xff, 0xff,
    0xf2, 0x4f, 0xff, 0xff, 0xff, 0xff, 0xff, 0xff,
    0xff, 0x24, 0xff, 0xff, 0xff, 0xff, 0xff, 0xff,
    0xff, 0xf2, 0x4f, 0xff, 0xff, 0xff, 0xff, 0xff,
    0xff, 0xff, 0x20, 0x0, 0x0, 0x0, 0x0, 0x0,
    0x0, 0x0, 0x0, 0x0, 0x0, 0x0, 0x0, 0x0,
    0x0, 0x0, 0x0, 0x0, 0x0, 0x0, 0x0, 0x0,
    0x0, 0x0, 0x0, 0x0, 0x15, 0x55, 0x55, 0x55,
    0x55, 0x55, 0x55, 0x55, 0x4, 0xff, 0xff, 0xff,
    0xff, 0xff, 0xff, 0xff, 0xf2, 0x4f, 0xff, 0xff,
    0xff, 0xff, 0xff, 0xff, 0xff, 0x24, 0xff, 0xff,
    0xff, 0xff, 0xff, 0xff, 0xff, 0xf2, 0x4f, 0xff,
    0xff, 0xff, 0xff, 0xff, 0xff, 0xff, 0x20,

    /* U+003E ">" */
    0x3f, 0xff, 0xff, 0xe2, 0x0, 0x0, 0x0, 0x0,
    0x3f, 0xff, 0xff, 0xd1, 0x0, 0x0, 0x0, 0x0,
    0x4f, 0xff, 0xff, 0xd1, 0x0, 0x0, 0x0, 0x0,
    0x4f, 0xff, 0xff, 0xc0, 0x0, 0x0, 0x0, 0x0,
    0x5f, 0xff, 0xff, 0xc0, 0x0, 0x0, 0x0, 0x0,
    0x5f, 0xff, 0xff, 0xb0, 0x0, 0x0, 0x0, 0x0,
    0x6f, 0xff, 0xff, 0xb0, 0x0, 0x0, 0x0, 0x0,
    0x7f, 0xff, 0xff, 0xa0, 0x0, 0x0, 0x0, 0x0,
    0xef, 0xff, 0xff, 0x30, 0x0, 0x0, 0x0, 0xbf,
    0xff, 0xff, 0x50, 0x0, 0x0, 0x0, 0xbf, 0xff,
    0xff, 0x60, 0x0, 0x0, 0x0, 0xbf, 0xff, 0xff,
    0x60, 0x0, 0x0, 0x0, 0xaf, 0xff, 0xff, 0x70,
    0x0, 0x0, 0x0, 0xaf, 0xff, 0xff, 0x70, 0x0,
    0x0, 0x0, 0x9f, 0xff, 0xff, 0x80, 0x0, 0x0,
    0x0, 0x9f, 0xff, 0xff, 0x90, 0x0, 0x0, 0x0,
    0x39, 0x99, 0x99, 0x70, 0x0, 0x0, 0x0, 0x0,

    /* U+003F "?" */
    0x0, 0x0, 0x28, 0xcf, 0xfe, 0xc8, 0x30, 0x0,
    0x0, 0x0, 0x9f, 0xff, 0xff, 0xff, 0xff, 0xa1,
    0x0, 0x0, 0xcf, 0xff, 0xff, 0xff, 0xff, 0xff,
    0xe1, 0x0, 0xaf, 0xff, 0xff, 0xff, 0xff, 0xff,
    0xff, 0xc0, 0x3f, 0xff, 0xff, 0xa3, 0x13, 0x9f,
    0xff, 0xff, 0x48, 0xff, 0xff, 0x70, 0x0, 0x0,
    0x7f, 0xff, 0xfa, 0xbf, 0xff, 0xf0, 0x0, 0x0,
    0x0, 0xff, 0xff, 0xd9, 0xbb, 0xb9, 0x0, 0x0,
    0x0, 0xd, 0xff, 0xfe, 0x0, 0x0, 0x0, 0x0,
    0x0, 0x0, 0xdf, 0xff, 0xe0, 0x0, 0x0, 0x0,
    0x0, 0x0, 0x2f, 0xff, 0xfc, 0x0, 0x0, 0x0,
    0x0, 0x0, 0xc, 0xff, 0xff, 0x80, 0x0, 0x0,
    0x0, 0x13, 0x7e, 0xff, 0xff, 0xf2, 0x0, 0x0,
    0xff, 0xff, 0xff, 0xff, 0xff, 0xf6, 0x0, 0x0,
    0xf, 0xff, 0xff, 0xff, 0xff, 0xf7, 0x0, 0x0,
    0x0, 0xff, 0xff, 0xff, 0xfe, 0x92, 0x0, 0x0,
    0x0, 0xe, 0xff, 0xfa, 0x31, 0x0, 0x0, 0x0,
    0x0, 0x0, 0xef, 0xff, 0x70, 0x0, 0x0, 0x0,
    0x0, 0x0, 0xc, 0xee, 0xe6, 0x0, 0x0, 0x0,
    0x0, 0x0, 0x0, 0x0, 0x0, 0x0, 0x0, 0x0,
    0x0, 0x0, 0x0, 0x0, 0x0, 0x0, 0x0, 0x0,
    0x0, 0x0, 0x0, 0x0, 0x29, 0xb7, 0x0, 0x0,
    0x0, 0x0, 0x0, 0x0, 0x2f, 0xff, 0xfb, 0x0,
    0x0, 0x0, 0x0, 0x0, 0x9, 0xff, 0xff, 0xf2,
    0x0, 0x0, 0x0, 0x0, 0x0, 0xaf, 0xff, 0xff,
    0x30, 0x0, 0x0, 0x0, 0x0, 0x5, 0xff, 0xff,
    0xd0, 0x0, 0x0, 0x0, 0x0, 0x0, 0x6, 0xdf,
    0xb2, 0x0, 0x0, 0x0, 0x0,

    /* U+0040 "@" */
    0x0, 0x0, 0x0, 0x0, 0x0, 0x0, 0x2, 0x6a,
    0xce, 0xff, 0xfd, 0xb8, 0x30, 0x0, 0x0, 0x0,
    0x0, 0x0, 0x0, 0x0, 0x0, 0x0, 0x6c, 0xff,
    0xff, 0xff, 0xff, 0xff, 0xff, 0xd6, 0x0, 0x0,
    0x0, 0x0, 0x0, 0x0, 0x0, 0x5, 0xef, 0xff,
    0xff, 0xff, 0xff, 0xff, 0xff, 0xff, 0xfc, 0x20,
    0x0, 0x0, 0x0, 0x0, 0x0, 0x1b, 0xff, 0xff,
    0xff, 0xb8, 0x66, 0x67, 0x9d, 0xff, 0xff, 0xfe,
    0x30, 0x0, 0x0, 0x0, 0x0, 0x2e, 0xff, 0xff,
    0xd5, 0x0, 0x0, 0x0, 0x0, 0x2, 0x9f, 0xff,
    0xff, 0x30, 0x0, 0x0, 0x0, 0x2e, 0xff, 0xfe,
    0x60, 0x0, 0x0, 0x0, 0x0, 0x0, 0x0, 0x3d,
    0xff, 0xfd, 0x0, 0x0, 0x0, 0x1e, 0xff, 0xfd,
    0x10, 0x0, 0x0, 0x0, 0x0, 0x0, 0x0, 0x0,
    0x1e, 0xff, 0xf7, 0x0, 0x0, 0xb, 0xff, 0xfc,
    0x10, 0x0, 0x0, 0x0, 0x0, 0x0, 0x0, 0x0,
    0x0, 0x4f, 0xff, 0xf0, 0x0, 0x6, 0xff, 0xfe,
    0x10, 0x0, 0x3, 0xad, 0xfe, 0xb4, 0x7, 0xbb,
    0xb2, 0x0, 0xbf, 0xff, 0x50, 0x1, 0xef, 0xff,
    0x30, 0x0, 0xa, 0xff, 0xff, 0xff, 0xf4, 0xdf,
    0xff, 0x10, 0x5, 0xff, 0xf9, 0x0, 0x7f, 0xff,
    0x80, 0x0, 0xc, 0xff, 0xff, 0xff, 0xff, 0xff,
    0xff, 0xf0, 0x0, 0x1f, 0xff, 0xc0, 0xe, 0xff,
    0xf1, 0x0, 0xa, 0xff, 0xff, 0xea, 0xae, 0xff,
    0xff, 0xfc, 0x0, 0x0, 0xef, 0xfe, 0x4, 0xff,
    0xf9, 0x0, 0x5, 0xff, 0xff, 0xa0, 0x0, 0xb,
    0xff, 0xff, 0x90, 0x0, 0xd, 0xff, 0xe0, 0x9f,
    0xff, 0x30, 0x0, 0xcf, 0xff, 0xb0, 0x0, 0x0,
    0x1f, 0xff, 0xf6, 0x0, 0x0, 0xef, 0xfe, 0xc,
    0xff, 0xe0, 0x0, 0x2f, 0xff, 0xf2, 0x0, 0x0,
    0x0, 0xdf, 0xff, 0x30, 0x0, 0xf, 0xff, 0xd0,
    0xff, 0xfb, 0x0, 0x6, 0xff, 0xfc, 0x0, 0x0,
    0x0, 0xd, 0xff, 0xf1, 0x0, 0x1, 0xff, 0xfa,
    0x1f, 0xff, 0x90, 0x0, 0x8f, 0xff, 0xa0, 0x0,
    0x0, 0x0, 0xff, 0xfe, 0x0, 0x0, 0x4f, 0xff,
    0x73, 0xff, 0xf7, 0x0, 0xa, 0xff, 0xfa, 0x0,
    0x0, 0x0, 0x6f, 0xff, 0xb0, 0x0, 0x9, 0xff,
    0xf2, 0x3f, 0xff, 0x70, 0x0, 0xaf, 0xff, 0xc0,
    0x0, 0x0, 0x1e, 0xff, 0xf9, 0x0, 0x1, 0xef,
    0xfc, 0x3, 0xff, 0xf7, 0x0, 0x8, 0xff, 0xff,
    0x60, 0x0, 0x2d, 0xff, 0xff, 0xa0, 0x0, 0x9f,
    0xff, 0x50, 0x2f, 0xff, 0x90, 0x0, 0x4f, 0xff,
    0xff, 0xc9, 0xbf, 0xff, 0xff, 0xff, 0x75, 0xaf,
    0xff, 0xb0, 0x1, 0xff, 0xfb, 0x0, 0x0, 0xcf,
    0xff, 0xff, 0xff, 0xff, 0x8b, 0xff, 0xff, 0xff,
    0xff, 0xd1, 0x0, 0xe, 0xff, 0xf0, 0x0, 0x1,
    0xdf, 0xff, 0xff, 0xff, 0x70, 0x2f, 0xff, 0xff,
    0xff, 0xc1, 0x0, 0x0, 0x9f, 0xff, 0x60, 0x0,
    0x0, 0x8d, 0xff, 0xd9, 0x20, 0x0, 0x2a, 0xef,
    0xeb, 0x50, 0x0, 0x0, 0x4, 0xff, 0xfe, 0x0,
    0x0, 0x0, 0x0, 0x0, 0x0, 0x0, 0x0, 0x0,
    0x0, 0x0, 0x0, 0x0, 0x0, 0xc, 0xff, 0xfb,
    0x0, 0x0, 0x0, 0x0, 0x0, 0x0, 0x0, 0x0,
    0x0, 0x0, 0x0, 0x0, 0x0, 0x0, 0x3f, 0xff,
    0xfb, 0x10, 0x0, 0x0, 0x0, 0x0, 0x0, 0x0,
    0x0, 0x0, 0x0, 0x0, 0x0, 0x0, 0x0, 0x8f,
    0xff, 0xfe, 0x60, 0x0, 0x0, 0x0, 0x0, 0x48,
    0x0, 0x0, 0x0, 0x0, 0x0, 0x0, 0x0, 0x0,
    0x9f, 0xff, 0xff, 0xfc, 0x97, 0x67, 0x8b, 0xff,
    0xf1, 0x0, 0x0, 0x0, 0x0, 0x0, 0x0, 0x0,
    0x0, 0x6f, 0xff, 0xff, 0xff, 0xff, 0xff, 0xff,
    0xff, 0x40, 0x0, 0x0, 0x0, 0x0, 0x0, 0x0,
    0x0, 0x0, 0x2a, 0xff, 0xff, 0xff, 0xff, 0xff,
    0xff, 0xe4, 0x0, 0x0, 0x0, 0x0, 0x0, 0x0,
    0x0, 0x0, 0x0, 0x1, 0x6a, 0xce, 0xff, 0xed,
    0xb7, 0x30, 0x0, 0x0, 0x0, 0x0, 0x0, 0x0,

    /* U+0041 "A" */
    0x0, 0x0, 0x0, 0x0, 0x2, 0xff, 0xff, 0xfb,
    0x0, 0x0, 0x0, 0x0, 0x0, 0x0, 0x0, 0x0,
    0x0, 0x8f, 0xff, 0xff, 0xf1, 0x0, 0x0, 0x0,
    0x0, 0x0, 0x0, 0x0, 0x0, 0xd, 0xff, 0xff,
    0xff, 0x60, 0x0, 0x0, 0x0, 0x0, 0x0, 0x0,
    0x0, 0x3, 0xff, 0xff, 0xff, 0xfc, 0x0, 0x0,
    0x0, 0x0, 0x0, 0x0, 0x0, 0x0, 0x9f, 0xff,
    0xff, 0xff, 0xf1, 0x0, 0x0, 0x0, 0x0, 0x0,
    0x0, 0x0, 0xe, 0xff, 0xff, 0xff, 0xff, 0x70,
    0x0, 0x0, 0x0, 0x0, 0x0, 0x0, 0x4, 0xff,
    0xff, 0x8f, 0xff, 0xfc, 0x0, 0x0, 0x0, 0x0,
    0x0, 0x0, 0x0, 0xaf, 0xff, 0xf2, 0xaf, 0xff,
    0xf2, 0x0, 0x0, 0x0, 0x0, 0x0, 0x0, 0xf,
    0xff, 0xfc, 0x5, 0xff, 0xff, 0x80, 0x0, 0x0,
    0x0, 0x0, 0x0, 0x5, 0xff, 0xff, 0x70, 0xf,
    0xff, 0xfd, 0x0, 0x0, 0x0, 0x0, 0x0, 0x0,
    0xbf, 0xff, 0xf2, 0x0, 0xaf, 0xff, 0xf3, 0x0,
    0x0, 0x0, 0x0, 0x0, 0x1f, 0xff, 0xfc, 0x0,
    0x4, 0xff, 0xff, 0x90, 0x0, 0x0, 0x0, 0x0,
    0x6, 0xff, 0xff, 0x70, 0x0, 0xf, 0xff, 0xfe,
    0x0, 0x0, 0x0, 0x0, 0x0, 0xcf, 0xff, 0xf1,
    0x0, 0x0, 0xaf, 0xff, 0xf4, 0x0, 0x0, 0x0,
    0x0, 0x2f, 0xff, 0xfc, 0x0, 0x0, 0x4, 0xff,
    0xff, 0xa0, 0x0, 0x0, 0x0, 0x7, 0xff, 0xff,
    0x70, 0x0, 0x0, 0xf, 0xff, 0xff, 0x0, 0x0,
    0x0, 0x0, 0xdf, 0xff, 0xff, 0xdd, 0xdd, 0xdd,
    0xff, 0xff, 0xf5, 0x0, 0x0, 0x0, 0x3f, 0xff,
    0xff, 0xff, 0xff, 0xff, 0xff, 0xff, 0xff, 0xb0,
    0x0, 0x0, 0x8, 0xff, 0xff, 0xff, 0xff, 0xff,
    0xff, 0xff, 0xff, 0xff, 0x10, 0x0, 0x0, 0xef,
    0xff, 0xff, 0xff, 0xff, 0xff, 0xff, 0xff, 0xff,
    0xf6, 0x0, 0x0, 0x4f, 0xff, 0xfc, 0x0, 0x0,
    0x0, 0x0, 0x4, 0xff, 0xff, 0xc0, 0x0, 0x9,
    0xff, 0xff, 0x60, 0x0, 0x0, 0x0, 0x0, 0xe,
    0xff, 0xff, 0x10, 0x0, 0xef, 0xff, 0xf1, 0x0,
    0x0, 0x0, 0x0, 0x0, 0xaf, 0xff, 0xf7, 0x0,
    0x5f, 0xff, 0xfb, 0x0, 0x0, 0x0, 0x0, 0x0,
    0x4, 0xff, 0xff, 0xd0, 0xa, 0xff, 0xff, 0x60,
    0x0, 0x0, 0x0, 0x0, 0x0, 0xe, 0xff, 0xff,
    0x20, 0xff, 0xff, 0xf1, 0x0, 0x0, 0x0, 0x0,
    0x0, 0x0, 0x9f, 0xff, 0xf8,

    /* U+0042 "B" */
    0x8f, 0xff, 0xff, 0xff, 0xff, 0xff, 0xdb, 0x61,
    0x0, 0x0, 0x8f, 0xff, 0xff, 0xff, 0xff, 0xff,
    0xff, 0xfe, 0x50, 0x0, 0x8f, 0xff, 0xff, 0xff,
    0xff, 0xff, 0xff, 0xff, 0xf5, 0x0, 0x8f, 0xff,
    0xff, 0xff, 0xff, 0xff, 0xff, 0xff, 0xff, 0x10,
    0x8f, 0xff, 0xf5, 0x0, 0x0, 0x3, 0xaf, 0xff,
    0xff, 0x80, 0x8f, 0xff, 0xf5, 0x0, 0x0, 0x0,
    0xa, 0xff, 0xff, 0xb0, 0x8f, 0xff, 0xf5, 0x0,
    0x0, 0x0, 0x4, 0xff, 0xff, 0xd0, 0x8f, 0xff,
    0xf5, 0x0, 0x0, 0x0, 0x2, 0xff, 0xff, 0xc0,
    0x8f, 0xff, 0xf5, 0x0, 0x0, 0x0, 0x4, 0xff,
    0xff, 0x90, 0x8f, 0xff, 0xf5, 0x0, 0x0, 0x0,
    0xa, 0xff, 0xff, 0x30, 0x8f, 0xff, 0xf5, 0x0,
    0x0, 0x3, 0xaf, 0xff, 0xf8, 0x0, 0x8f, 0xff,
    0xff, 0xff, 0xff, 0xff, 0xff, 0xff, 0x70, 0x0,
    0x8f, 0xff, 0xff, 0xff, 0xff, 0xff, 0xff, 0xf5,
    0x0, 0x0, 0x8f, 0xff, 0xff, 0xff, 0xff, 0xff,
    0xff, 0xff, 0xb1, 0x0, 0x8f, 0xff, 0xfd, 0xbb,
    0xbb, 0xce, 0xff, 0xff, 0xfd, 0x0, 0x8f, 0xff,
    0xf5, 0x0, 0x0, 0x0, 0x3c, 0xff, 0xff, 0x90,
    0x8f, 0xff, 0xf5, 0x0, 0x0, 0x0, 0x0, 0xef,
    0xff, 0xf0, 0x8f, 0xff, 0xf5, 0x0, 0x0, 0x0,
    0x0, 0x9f, 0xff, 0xf4, 0x8f, 0xff, 0xf5, 0x0,
    0x0, 0x0, 0x0, 0x7f, 0xff, 0xf6, 0x8f, 0xff,
    0xf5, 0x0, 0x0, 0x0, 0x0, 0xaf, 0xff, 0xf5,
    0x8f, 0xff, 0xf5, 0x0, 0x0, 0x0, 0x2, 0xff,
    0xff, 0xf3, 0x8f, 0xff, 0xf5, 0x0, 0x0, 0x13,
    0x7e, 0xff, 0xff, 0xe0, 0x8f, 0xff, 0xff, 0xff,
    0xff, 0xff, 0xff, 0xff, 0xff, 0x70, 0x8f, 0xff,
    0xff, 0xff, 0xff, 0xff, 0xff, 0xff, 0xfa, 0x0,
    0x8f, 0xff, 0xff, 0xff, 0xff, 0xff, 0xff, 0xff,
    0x80, 0x0, 0x8f, 0xff, 0xff, 0xff, 0xff, 0xff,
    0xec, 0x72, 0x0, 0x0,

    /* U+0043 "C" */
    0x0, 0x0, 0x0, 0x0, 0x59, 0xce, 0xff, 0xeb,
    0x83, 0x0, 0x0, 0x0, 0x0, 0x0, 0x0, 0x6e,
    0xff, 0xff, 0xff, 0xff, 0xff, 0xc3, 0x0, 0x0,
    0x0, 0x0, 0x1c, 0xff, 0xff, 0xff, 0xff, 0xff,
    0xff, 0xff, 0x70, 0x0, 0x0, 0x1, 0xdf, 0xff,
    0xff, 0xff, 0xff, 0xff, 0xff, 0xff, 0xf8, 0x0,
    0x0, 0xc, 0xff, 0xff, 0xff, 0xd9, 0x88, 0xbf,
    0xff, 0xff, 0xff, 0x40, 0x0, 0x7f, 0xff, 0xff,
    0xd3, 0x0, 0x0, 0x0, 0x8f, 0xff, 0xff, 0xd0,
    0x0, 0xef, 0xff, 0xfc, 0x10, 0x0, 0x0, 0x0,
    0x7, 0xff, 0xff, 0xf4, 0x6, 0xff, 0xff, 0xf1,
    0x0, 0x0, 0x0, 0x0, 0x0, 0xdf, 0xff, 0xf9,
    0xb, 0xff, 0xff, 0x70, 0x0, 0x0, 0x0, 0x0,
    0x0, 0x5b, 0xbb, 0xb9, 0xf, 0xff, 0xff, 0x20,
    0x0, 0x0, 0x0, 0x0, 0x0, 0x0, 0x0, 0x0,
    0x2f, 0xff, 0xfd, 0x0, 0x0, 0x0, 0x0, 0x0,
    0x0, 0x0, 0x0, 0x0, 0x4f, 0xff, 0xfb, 0x0,
    0x0, 0x0, 0x0, 0x0, 0x0, 0x0, 0x0, 0x0,
    0x5f, 0xff, 0xfa, 0x0, 0x0, 0x0, 0x0, 0x0,
    0x0, 0x0, 0x0, 0x0, 0x5f, 0xff, 0xfa, 0x0,
    0x0, 0x0, 0x0, 0x0, 0x0, 0x0, 0x0, 0x0,
    0x4f, 0xff, 0xfb, 0x0, 0x0, 0x0, 0x0, 0x0,
    0x0, 0x0, 0x0, 0x0, 0x2f, 0xff, 0xfd, 0x0,
    0x0, 0x0, 0x0, 0x0, 0x0, 0x0, 0x0, 0x0,
    0xf, 0xff, 0xff, 0x10, 0x0, 0x0, 0x0, 0x0,
    0x0, 0x0, 0x0, 0x0, 0xc, 0xff, 0xff, 0x70,
    0x0, 0x0, 0x0, 0x0, 0x0, 0x36, 0x66, 0x65,
    0x6, 0xff, 0xff, 0xe1, 0x0, 0x0, 0x0, 0x0,
    0x0, 0xcf, 0xff, 0xfa, 0x1, 0xff, 0xff, 0xfb,
    0x0, 0x0, 0x0, 0x0, 0x5, 0xff, 0xff, 0xf5,
    0x0, 0x7f, 0xff, 0xff, 0xc2, 0x0, 0x0, 0x0,
    0x7f, 0xff, 0xff, 0xe0, 0x0, 0xc, 0xff, 0xff,
    0xff, 0xc8, 0x77, 0xae, 0xff, 0xff, 0xff, 0x50,
    0x0, 0x1, 0xef, 0xff, 0xff, 0xff, 0xff, 0xff,
    0xff, 0xff, 0xf9, 0x0, 0x0, 0x0, 0x1c, 0xff,
    0xff, 0xff, 0xff, 0xff, 0xff, 0xff, 0x80, 0x0,
    0x0, 0x0, 0x0, 0x7e, 0xff, 0xff, 0xff, 0xff,
    0xff, 0xd4, 0x0, 0x0, 0x0, 0x0, 0x0, 0x0,
    0x5a, 0xde, 0xff, 0xec, 0x83, 0x0, 0x0, 0x0,

    /* U+0044 "D" */
    0x8f, 0xff, 0xff, 0xff, 0xff, 0xed, 0xa6, 0x10,
    0x0, 0x0, 0x0, 0x8f, 0xff, 0xff, 0xff, 0xff,
    0xff, 0xff, 0xfa, 0x20, 0x0, 0x0, 0x8f, 0xff,
    0xff, 0xff, 0xff, 0xff, 0xff, 0xff, 0xf7, 0x0,
    0x0, 0x8f, 0xff, 0xff, 0xff, 0xff, 0xff, 0xff,
    0xff, 0xff, 0x80, 0x0, 0x8f, 0xff, 0xf7, 0x33,
    0x34, 0x58, 0xdf, 0xff, 0xff, 0xf6, 0x0, 0x8f,
    0xff, 0xf5, 0x0, 0x0, 0x0, 0x4, 0xef, 0xff,
    0xff, 0x10, 0x8f, 0xff, 0xf5, 0x0, 0x0, 0x0,
    0x0, 0x2e, 0xff, 0xff, 0x80, 0x8f, 0xff, 0xf5,
    0x0, 0x0, 0x0, 0x0, 0x5, 0xff, 0xff, 0xe0,
    0x8f, 0xff, 0xf5, 0x0, 0x0, 0x0, 0x0, 0x0,
    0xef, 0xff, 0xf3, 0x8f, 0xff, 0xf5, 0x0, 0x0,
    0x0, 0x0, 0x0, 0x9f, 0xff, 0xf7, 0x8f, 0xff,
    0xf5, 0x0, 0x0, 0x0, 0x0, 0x0, 0x6f, 0xff,
    0xf9, 0x8f, 0xff, 0xf5, 0x0, 0x0, 0x0, 0x0,
    0x0, 0x4f, 0xff, 0xfb, 0x8f, 0xff, 0xf5, 0x0,
    0x0, 0x0, 0x0, 0x0, 0x3f, 0xff, 0xfc, 0x8f,
    0xff, 0xf5, 0x0, 0x0, 0x0, 0x0, 0x0, 0x3f,
    0xff, 0xfc, 0x8f, 0xff, 0xf5, 0x0, 0x0, 0x0,
    0x0, 0x0, 0x4f, 0xff, 0xfb, 0x8f, 0xff, 0xf5,
    0x0, 0x0, 0x0, 0x0, 0x0, 0x6f, 0xff, 0xf9,
    0x8f, 0xff, 0xf5, 0x0, 0x0, 0x0, 0x0, 0x0,
    0x9f, 0xff, 0xf7, 0x8f, 0xff, 0xf5, 0x0, 0x0,
    0x0, 0x0, 0x0, 0xef, 0xff, 0xf3, 0x8f, 0xff,
    0xf5, 0x0, 0x0, 0x0, 0x0, 0x5, 0xff, 0xff,
    0xe0, 0x8f, 0xff, 0xf5, 0x0, 0x0, 0x0, 0x0,
    0x2e, 0xff, 0xff, 0x80, 0x8f, 0xff, 0xf5, 0x0,
    0x0, 0x0, 0x5, 0xef, 0xff, 0xff, 0x10, 0x8f,
    0xff, 0xf8, 0x44, 0x44, 0x68, 0xdf, 0xff, 0xff,
    0xf6, 0x0, 0x8f, 0xff, 0xff, 0xff, 0xff, 0xff,
    0xff, 0xff, 0xff, 0x90, 0x0, 0x8f, 0xff, 0xff,
    0xff, 0xff, 0xff, 0xff, 0xff, 0xf7, 0x0, 0x0,
    0x8f, 0xff, 0xff, 0xff, 0xff, 0xff, 0xff, 0xfb,
    0x30, 0x0, 0x0, 0x8f, 0xff, 0xff, 0xff, 0xff,
    0xed, 0xa7, 0x20, 0x0, 0x0, 0x0,

    /* U+0045 "E" */
    0x8f, 0xff, 0xff, 0xff, 0xff, 0xff, 0xff, 0xff,
    0xf0, 0x8f, 0xff, 0xff, 0xff, 0xff, 0xff, 0xff,
    0xff, 0xf0, 0x8f, 0xff, 0xff, 0xff, 0xff, 0xff,
    0xff, 0xff, 0xf0, 0x8f, 0xff, 0xff, 0xff, 0xff,
    0xff, 0xff, 0xff, 0xf0, 0x8f, 0xff, 0xf5, 0x0,
    0x0, 0x0, 0x0, 0x0, 0x0, 0x8f, 0xff, 0xf5,
    0x0, 0x0, 0x0, 0x0, 0x0, 0x0, 0x8f, 0xff,
    0xf5, 0x0, 0x0, 0x0, 0x0, 0x0, 0x0, 0x8f,
    0xff, 0xf5, 0x0, 0x0, 0x0, 0x0, 0x0, 0x0,
    0x8f, 0xff, 0xf5, 0x0, 0x0, 0x0, 0x0, 0x0,
    0x0, 0x8f, 0xff, 0xf5, 0x0, 0x0, 0x0, 0x0,
    0x0, 0x0, 0x8f, 0xff, 0xf5, 0x0, 0x0, 0x0,
    0x0, 0x0, 0x0, 0x8f, 0xff, 0xff, 0xff, 0xff,
    0xff, 0xff, 0xff, 0x0, 0x8f, 0xff, 0xff, 0xff,
    0xff, 0xff, 0xff, 0xff, 0x0, 0x8f, 0xff, 0xff,
    0xff, 0xff, 0xff, 0xff, 0xff, 0x0, 0x8f, 0xff,
    0xfe, 0xdd, 0xdd, 0xdd, 0xdd, 0xdd, 0x0, 0x8f,
    0xff, 0xf5, 0x0, 0x0, 0x0, 0x0, 0x0, 0x0,
    0x8f, 0xff, 0xf5, 0x0, 0x0, 0x0, 0x0, 0x0,
    0x0, 0x8f, 0xff, 0xf5, 0x0, 0x0, 0x0, 0x0,
    0x0, 0x0, 0x8f, 0xff, 0xf5, 0x0, 0x0, 0x0,
    0x0, 0x0, 0x0, 0x8f, 0xff, 0xf5, 0x0, 0x0,
    0x0, 0x0, 0x0, 0x0, 0x8f, 0xff, 0xf5, 0x0,
    0x0, 0x0, 0x0, 0x0, 0x0, 0x8f, 0xff, 0xf5,
    0x0, 0x0, 0x0, 0x0, 0x0, 0x0, 0x8f, 0xff,
    0xff, 0xff, 0xff, 0xff, 0xff, 0xff, 0xf0, 0x8f,
    0xff, 0xff, 0xff, 0xff, 0xff, 0xff, 0xff, 0xf0,
    0x8f, 0xff, 0xff, 0xff, 0xff, 0xff, 0xff, 0xff,
    0xf0, 0x8f, 0xff, 0xff, 0xff, 0xff, 0xff, 0xff,
    0xff, 0xf0,

    /* U+0046 "F" */
    0x8f, 0xff, 0xff, 0xff, 0xff, 0xff, 0xff, 0xff,
    0xe8, 0xff, 0xff, 0xff, 0xff, 0xff, 0xff, 0xff,
    0xfe, 0x8f, 0xff, 0xff, 0xff, 0xff, 0xff, 0xff,
    0xff, 0xe8, 0xff, 0xff, 0xff, 0xff, 0xff, 0xff,
    0xff, 0xfe, 0x8f, 0xff, 0xf5, 0x0, 0x0, 0x0,
    0x0, 0x0, 0x8, 0xff, 0xff, 0x50, 0x0, 0x0,
    0x0, 0x0, 0x0, 0x8f, 0xff, 0xf5, 0x0, 0x0,
    0x0, 0x0, 0x0, 0x8, 0xff, 0xff, 0x50, 0x0,
    0x0, 0x0, 0x0, 0x0, 0x8f, 0xff, 0xf5, 0x0,
    0x0, 0x0, 0x0, 0x0, 0x8, 0xff, 0xff, 0x50,
    0x0, 0x0, 0x0, 0x0, 0x0, 0x8f, 0xff, 0xf5,
    0x0, 0x0, 0x0, 0x0, 0x0, 0x8, 0xff, 0xff,
    0xfe, 0xee, 0xee, 0xee, 0xe8, 0x0, 0x8f, 0xff,
    0xff, 0xff, 0xff, 0xff, 0xff, 0x90, 0x8, 0xff,
    0xff, 0xff, 0xff, 0xff, 0xff, 0xf9, 0x0, 0x8f,
    0xff, 0xff, 0xff, 0xff, 0xff, 0xff, 0x90, 0x8,
    0xff, 0xff, 0x50, 0x0, 0x0, 0x0, 0x0, 0x0,
    0x8f, 0xff, 0xf5, 0x0, 0x0, 0x0, 0x0, 0x0,
    0x8, 0xff, 0xff, 0x50, 0x0, 0x0, 0x0, 0x0,
    0x0, 0x8f, 0xff, 0xf5, 0x0, 0x0, 0x0, 0x0,
    0x0, 0x8, 0xff, 0xff, 0x50, 0x0, 0x0, 0x0,
    0x0, 0x0, 0x8f, 0xff, 0xf5, 0x0, 0x0, 0x0,
    0x0, 0x0, 0x8, 0xff, 0xff, 0x50, 0x0, 0x0,
    0x0, 0x0, 0x0, 0x8f, 0xff, 0xf5, 0x0, 0x0,
    0x0, 0x0, 0x0, 0x8, 0xff, 0xff, 0x50, 0x0,
    0x0, 0x0, 0x0, 0x0, 0x8f, 0xff, 0xf5, 0x0,
    0x0, 0x0, 0x0, 0x0, 0x8, 0xff, 0xff, 0x50,
    0x0, 0x0, 0x0, 0x0, 0x0,

    /* U+0047 "G" */
    0x0, 0x0, 0x0, 0x0, 0x38, 0xbe, 0xff, 0xed,
    0xa6, 0x10, 0x0, 0x0, 0x0, 0x0, 0x0, 0x4,
    0xcf, 0xff, 0xff, 0xff, 0xff, 0xff, 0x91, 0x0,
    0x0, 0x0, 0x0, 0x9, 0xff, 0xff, 0xff, 0xff,
    0xff, 0xff, 0xff, 0xe3, 0x0, 0x0, 0x0, 0xb,
    0xff, 0xff, 0xff, 0xff, 0xff, 0xff, 0xff, 0xff,
    0xf4, 0x0, 0x0, 0x9, 0xff, 0xff, 0xff, 0xfb,
    0x99, 0xbd, 0xff, 0xff, 0xff, 0xe1, 0x0, 0x5,
    0xff, 0xff, 0xff, 0x70, 0x0, 0x0, 0x3, 0xcf,
    0xff, 0xff, 0x90, 0x0, 0xdf, 0xff, 0xfe, 0x30,
    0x0, 0x0, 0x0, 0x0, 0xcf, 0xff, 0xff, 0x10,
    0x5f, 0xff, 0xff, 0x30, 0x0, 0x0, 0x0, 0x0,
    0x2, 0xde, 0xee, 0xe4, 0xa, 0xff, 0xff, 0x90,
    0x0, 0x0, 0x0, 0x0, 0x0, 0x0, 0x0, 0x0,
    0x0, 0xef, 0xff, 0xf3, 0x0, 0x0, 0x0, 0x0,
    0x0, 0x0, 0x0, 0x0, 0x0, 0x1f, 0xff, 0xfe,
    0x0, 0x0, 0x0, 0x0, 0x0, 0x0, 0x0, 0x0,
    0x0, 0x4, 0xff, 0xff, 0xb0, 0x0, 0x0, 0x0,
    0x1b, 0xbb, 0xbb, 0xbb, 0xbb, 0xba, 0x4f, 0xff,
    0xfa, 0x0, 0x0, 0x0, 0x2, 0xff, 0xff, 0xff,
    0xff, 0xff, 0xf5, 0xff, 0xff, 0x90, 0x0, 0x0,
    0x0, 0x2f, 0xff, 0xff, 0xff, 0xff, 0xff, 0x4f,
    0xff, 0xfb, 0x0, 0x0, 0x0, 0x2, 0xff, 0xff,
    0xff, 0xff, 0xff, 0xf2, 0xff, 0xff, 0xc0, 0x0,
    0x0, 0x0, 0x0, 0x0, 0x0, 0xf, 0xff, 0xff,
    0xf, 0xff, 0xff, 0x10, 0x0, 0x0, 0x0, 0x0,
    0x0, 0x3, 0xff, 0xff, 0xf0, 0xcf, 0xff, 0xf6,
    0x0, 0x0, 0x0, 0x0, 0x0, 0x0, 0x9f, 0xff,
    0xff, 0x7, 0xff, 0xff, 0xe1, 0x0, 0x0, 0x0,
    0x0, 0x0, 0x1f, 0xff, 0xff, 0xf0, 0x1f, 0xff,
    0xff, 0xb0, 0x0, 0x0, 0x0, 0x0, 0xc, 0xff,
    0xff, 0xff, 0x0, 0x8f, 0xff, 0xff, 0xc3, 0x0,
    0x0, 0x0, 0x2c, 0xff, 0xff, 0xff, 0xf0, 0x0,
    0xdf, 0xff, 0xff, 0xfc, 0x97, 0x78, 0xcf, 0xff,
    0xff, 0xff, 0xff, 0x0, 0x2, 0xef, 0xff, 0xff,
    0xff, 0xff, 0xff, 0xff, 0xfe, 0xef, 0xff, 0xf0,
    0x0, 0x2, 0xdf, 0xff, 0xff, 0xff, 0xff, 0xff,
    0xff, 0x3c, 0xff, 0xff, 0x0, 0x0, 0x0, 0x8f,
    0xff, 0xff, 0xff, 0xff, 0xfd, 0x20, 0xbf, 0xff,
    0xf0, 0x0, 0x0, 0x0, 0x16, 0xad, 0xff, 0xfd,
    0xa5, 0x0, 0x9, 0xff, 0xff,

    /* U+0048 "H" */
    0x8f, 0xff, 0xf5, 0x0, 0x0, 0x0, 0x0, 0x0,
    0xaf, 0xff, 0xf3, 0x8f, 0xff, 0xf5, 0x0, 0x0,
    0x0, 0x0, 0x0, 0xaf, 0xff, 0xf3, 0x8f, 0xff,
    0xf5, 0x0, 0x0, 0x0, 0x0, 0x0, 0xaf, 0xff,
    0xf3, 0x8f, 0xff, 0xf5, 0x0, 0x0, 0x0, 0x0,
    0x0, 0xaf, 0xff, 0xf3, 0x8f, 0xff, 0xf5, 0x0,
    0x0, 0x0, 0x0, 0x0, 0xaf, 0xff, 0xf3, 0x8f,
    0xff, 0xf5, 0x0, 0x0, 0x0, 0x0, 0x0, 0xaf,
    0xff, 0xf3, 0x8f, 0xff, 0xf5, 0x0, 0x0, 0x0,
    0x0, 0x0, 0xaf, 0xff, 0xf3, 0x8f, 0xff, 0xf5,
    0x0, 0x0, 0x0, 0x0, 0x0, 0xaf, 0xff, 0xf3,
    0x8f, 0xff, 0xf5, 0x0, 0x0, 0x0, 0x0, 0x0,
    0xaf, 0xff, 0xf3, 0x8f, 0xff, 0xf5, 0x0, 0x0,
    0x0, 0x0, 0x0, 0xaf, 0xff, 0xf3, 0x8f, 0xff,
    0xf5, 0x0, 0x0, 0x0, 0x0, 0x0, 0xaf, 0xff,
    0xf3, 0x8f, 0xff, 0xff, 0xff, 0xff, 0xff, 0xff,
    0xff, 0xff, 0xff, 0xf3, 0x8f, 0xff, 0xff, 0xff,
    0xff, 0xff, 0xff, 0xff, 0xff, 0xff, 0xf3, 0x8f,
    0xff, 0xff, 0xff, 0xff, 0xff, 0xff, 0xff, 0xff,
    0xff, 0xf3, 0x8f, 0xff, 0xff, 0xff, 0xff, 0xff,
    0xff, 0xff, 0xff, 0xff, 0xf3, 0x8f, 0xff, 0xf5,
    0x0, 0x0, 0x0, 0x0, 0x0, 0xaf, 0xff, 0xf3,
    0x8f, 0xff, 0xf5, 0x0, 0x0, 0x0, 0x0, 0x0,
    0xaf, 0xff, 0xf3, 0x8f, 0xff, 0xf5, 0x0, 0x0,
    0x0, 0x0, 0x0, 0xaf, 0xff, 0xf3, 0x8f, 0xff,
    0xf5, 0x0, 0x0, 0x0, 0x0, 0x0, 0xaf, 0xff,
    0xf3, 0x8f, 0xff, 0xf5, 0x0, 0x0, 0x0, 0x0,
    0x0, 0xaf, 0xff, 0xf3, 0x8f, 0xff, 0xf5, 0x0,
    0x0, 0x0, 0x0, 0x0, 0xaf, 0xff, 0xf3, 0x8f,
    0xff, 0xf5, 0x0, 0x0, 0x0, 0x0, 0x0, 0xaf,
    0xff, 0xf3, 0x8f, 0xff, 0xf5, 0x0, 0x0, 0x0,
    0x0, 0x0, 0xaf, 0xff, 0xf3, 0x8f, 0xff, 0xf5,
    0x0, 0x0, 0x0, 0x0, 0x0, 0xaf, 0xff, 0xf3,
    0x8f, 0xff, 0xf5, 0x0, 0x0, 0x0, 0x0, 0x0,
    0xaf, 0xff, 0xf3, 0x8f, 0xff, 0xf5, 0x0, 0x0,
    0x0, 0x0, 0x0, 0xaf, 0xff, 0xf3,

    /* U+0049 "I" */
    0x8f, 0xff, 0xf5, 0x8f, 0xff, 0xf5, 0x8f, 0xff,
    0xf5, 0x8f, 0xff, 0xf5, 0x8f, 0xff, 0xf5, 0x8f,
    0xff, 0xf5, 0x8f, 0xff, 0xf5, 0x8f, 0xff, 0xf5,
    0x8f, 0xff, 0xf5, 0x8f, 0xff, 0xf5, 0x8f, 0xff,
    0xf5, 0x8f, 0xff, 0xf5, 0x8f, 0xff, 0xf5, 0x8f,
    0xff, 0xf5, 0x8f, 0xff, 0xf5, 0x8f, 0xff, 0xf5,
    0x8f, 0xff, 0xf5, 0x8f, 0xff, 0xf5, 0x8f, 0xff,
    0xf5, 0x8f, 0xff, 0xf5, 0x8f, 0xff, 0xf5, 0x8f,
    0xff, 0xf5, 0x8f, 0xff, 0xf5, 0x8f, 0xff, 0xf5,
    0x8f, 0xff, 0xf5, 0x8f, 0xff, 0xf5,

    /* U+004A "J" */
    0x0, 0x0, 0x0, 0x0, 0x0, 0xe, 0xff, 0xff,
    0x0, 0x0, 0x0, 0x0, 0x0, 0xe, 0xff, 0xff,
    0x0, 0x0, 0x0, 0x0, 0x0, 0xe, 0xff, 0xff,
    0x0, 0x0, 0x0, 0x0, 0x0, 0xe, 0xff, 0xff,
    0x0, 0x0, 0x0, 0x0, 0x0, 0xe, 0xff, 0xff,
    0x0, 0x0, 0x0, 0x0, 0x0, 0xe, 0xff, 0xff,
    0x0, 0x0, 0x0, 0x0, 0x0, 0xe, 0xff, 0xff,
    0x0, 0x0, 0x0, 0x0, 0x0, 0xe, 0xff, 0xff,
    0x0, 0x0, 0x0, 0x0, 0x0, 0xe, 0xff, 0xff,
    0x0, 0x0, 0x0, 0x0, 0x0, 0xe, 0xff, 0xff,
    0x0, 0x0, 0x0, 0x0, 0x0, 0xe, 0xff, 0xff,
    0x0, 0x0, 0x0, 0x0, 0x0, 0xe, 0xff, 0xff,
    0x0, 0x0, 0x0, 0x0, 0x0, 0xe, 0xff, 0xff,
    0x0, 0x0, 0x0, 0x0, 0x0, 0xe, 0xff, 0xff,
    0x0, 0x0, 0x0, 0x0, 0x0, 0xe, 0xff, 0xff,
    0x0, 0x0, 0x0, 0x0, 0x0, 0xe, 0xff, 0xff,
    0x0, 0x0, 0x0, 0x0, 0x0, 0xe, 0xff, 0xff,
    0x34, 0x44, 0x30, 0x0, 0x0, 0xe, 0xff, 0xff,
    0xef, 0xff, 0xf0, 0x0, 0x0, 0xe, 0xff, 0xff,
    0xcf, 0xff, 0xf2, 0x0, 0x0, 0x1f, 0xff, 0xfe,
    0x9f, 0xff, 0xfb, 0x0, 0x0, 0x8f, 0xff, 0xfb,
    0x3f, 0xff, 0xff, 0xd8, 0x7b, 0xff, 0xff, 0xf6,
    0xc, 0xff, 0xff, 0xff, 0xff, 0xff, 0xff, 0xe0,
    0x1, 0xef, 0xff, 0xff, 0xff, 0xff, 0xff, 0x40,
    0x0, 0x1b, 0xff, 0xff, 0xff, 0xff, 0xe4, 0x0,
    0x0, 0x0, 0x49, 0xde, 0xfe, 0xb6, 0x0, 0x0,

    /* U+004B "K" */
    0x8f, 0xff, 0xf5, 0x0, 0x0, 0x0, 0x1, 0xef,
    0xff, 0xfd, 0x18, 0xff, 0xff, 0x50, 0x0, 0x0,
    0x0, 0xdf, 0xff, 0xfe, 0x20, 0x8f, 0xff, 0xf5,
    0x0, 0x0, 0x0, 0xbf, 0xff, 0xff, 0x30, 0x8,
    0xff, 0xff, 0x50, 0x0, 0x0, 0xaf, 0xff, 0xff,
    0x40, 0x0, 0x8f, 0xff, 0xf5, 0x0, 0x0, 0x8f,
    0xff, 0xff, 0x60, 0x0, 0x8, 0xff, 0xff, 0x50,
    0x0, 0x6f, 0xff, 0xff, 0x70, 0x0, 0x0, 0x8f,
    0xff, 0xf5, 0x0, 0x5f, 0xff, 0xff, 0x90, 0x0,
    0x0, 0x8, 0xff, 0xff, 0x50, 0x3f, 0xff, 0xff,
    0xa0, 0x0, 0x0, 0x0, 0x8f, 0xff, 0xf5, 0x2e,
    0xff, 0xff, 0xb0, 0x0, 0x0, 0x0, 0x8, 0xff,
    0xff, 0x6d, 0xff, 0xff, 0xd0, 0x0, 0x0, 0x0,
    0x0, 0x8f, 0xff, 0xff, 0xff, 0xff, 0xf5, 0x0,
    0x0, 0x0, 0x0, 0x8, 0xff, 0xff, 0xff, 0xff,
    0xff, 0xd0, 0x0, 0x0, 0x0, 0x0, 0x8f, 0xff,
    0xff, 0xff, 0xff, 0xff, 0x80, 0x0, 0x0, 0x0,
    0x8, 0xff, 0xff, 0xff, 0xff, 0xff, 0xff, 0x20,
    0x0, 0x0, 0x0, 0x8f, 0xff, 0xff, 0xf8, 0xff,
    0xff, 0xfb, 0x0, 0x0, 0x0, 0x8, 0xff, 0xff,
    0xf8, 0x8, 0xff, 0xff, 0xf5, 0x0, 0x0, 0x0,
    0x8f, 0xff, 0xf9, 0x0, 0xe, 0xff, 0xff, 0xe0,
    0x0, 0x0, 0x8, 0xff, 0xff, 0x50, 0x0, 0x5f,
    0xff, 0xff, 0x80, 0x0, 0x0, 0x8f, 0xff, 0xf5,
    0x0, 0x0, 0xbf, 0xff, 0xff, 0x20, 0x0, 0x8,
    0xff, 0xff, 0x50, 0x0, 0x2, 0xff, 0xff, 0xfc,
    0x0, 0x0, 0x8f, 0xff, 0xf5, 0x0, 0x0, 0x8,
    0xff, 0xff, 0xf6, 0x0, 0x8, 0xff, 0xff, 0x50,
    0x0, 0x0, 0xe, 0xff, 0xff, 0xe1, 0x0, 0x8f,
    0xff, 0xf5, 0x0, 0x0, 0x0, 0x5f, 0xff, 0xff,
    0x90, 0x8, 0xff, 0xff, 0x50, 0x0, 0x0, 0x0,
    0xbf, 0xff, 0xff, 0x30, 0x8f, 0xff, 0xf5, 0x0,
    0x0, 0x0, 0x2, 0xff, 0xff, 0xfc, 0x8, 0xff,
    0xff, 0x50, 0x0, 0x0, 0x0, 0x8, 0xff, 0xff,
    0xf6,

    /* U+004C "L" */
    0x8f, 0xff, 0xf5, 0x0, 0x0, 0x0, 0x0, 0x0,
    0x8, 0xff, 0xff, 0x50, 0x0, 0x0, 0x0, 0x0,
    0x0, 0x8f, 0xff, 0xf5, 0x0, 0x0, 0x0, 0x0,
    0x0, 0x8, 0xff, 0xff, 0x50, 0x0, 0x0, 0x0,
    0x0, 0x0, 0x8f, 0xff, 0xf5, 0x0, 0x0, 0x0,
    0x0, 0x0, 0x8, 0xff, 0xff, 0x50, 0x0, 0x0,
    0x0, 0x0, 0x0, 0x8f, 0xff, 0xf5, 0x0, 0x0,
    0x0, 0x0, 0x0, 0x8, 0xff, 0xff, 0x50, 0x0,
    0x0, 0x0, 0x0, 0x0, 0x8f, 0xff, 0xf5, 0x0,
    0x0, 0x0, 0x0, 0x0, 0x8, 0xff, 0xff, 0x50,
    0x0, 0x0, 0x0, 0x0, 0x0, 0x8f, 0xff, 0xf5,
    0x0, 0x0, 0x0, 0x0, 0x0, 0x8, 0xff, 0xff,
    0x50, 0x0, 0x0, 0x0, 0x0, 0x0, 0x8f, 0xff,
    0xf5, 0x0, 0x0, 0x0, 0x0, 0x0, 0x8, 0xff,
    0xff, 0x50, 0x0, 0x0, 0x0, 0x0, 0x0, 0x8f,
    0xff, 0xf5, 0x0, 0x0, 0x0, 0x0, 0x0, 0x8,
    0xff, 0xff, 0x50, 0x0, 0x0, 0x0, 0x0, 0x0,
    0x8f, 0xff, 0xf5, 0x0, 0x0, 0x0, 0x0, 0x0,
    0x8, 0xff, 0xff, 0x50, 0x0, 0x0, 0x0, 0x0,
    0x0, 0x8f, 0xff, 0xf5, 0x0, 0x0, 0x0, 0x0,
    0x0, 0x8, 0xff, 0xff, 0x50, 0x0, 0x0, 0x0,
    0x0, 0x0, 0x8f, 0xff, 0xf5, 0x0, 0x0, 0x0,
    0x0, 0x0, 0x8, 0xff, 0xff, 0x50, 0x0, 0x0,
    0x0, 0x0, 0x0, 0x8f, 0xff, 0xfe, 0xdd, 0xdd,
    0xdd, 0xdd, 0xdd, 0x58, 0xff, 0xff, 0xff, 0xff,
    0xff, 0xff, 0xff, 0xf6, 0x8f, 0xff, 0xff, 0xff,
    0xff, 0xff, 0xff, 0xff, 0x68, 0xff, 0xff, 0xff,
    0xff, 0xff, 0xff, 0xff, 0xf6,

    /* U+004D "M" */
    0x8f, 0xff, 0xff, 0x80, 0x0, 0x0, 0x0, 0x0,
    0x0, 0x0, 0xa, 0xff, 0xff, 0xf6, 0x8f, 0xff,
    0xff, 0xe0, 0x0, 0x0, 0x0, 0x0, 0x0, 0x0,
    0x1f, 0xff, 0xff, 0xf6, 0x8f, 0xff, 0xff, 0xf7,
    0x0, 0x0, 0x0, 0x0, 0x0, 0x0, 0x9f, 0xff,
    0xff, 0xf6, 0x8f, 0xff, 0xff, 0xfe, 0x0, 0x0,
    0x0, 0x0, 0x0, 0x1, 0xff, 0xff, 0xff, 0xf6,
    0x8f, 0xff, 0xff, 0xff, 0x60, 0x0, 0x0, 0x0,
    0x0, 0x8, 0xff, 0xff, 0xff, 0xf6, 0x8f, 0xff,
    0xff, 0xff, 0xd0, 0x0, 0x0, 0x0, 0x0, 0xe,
    0xff, 0xff, 0xff, 0xf6, 0x8f, 0xff, 0xff, 0xff,
    0xf5, 0x0, 0x0, 0x0, 0x0, 0x7f, 0xff, 0xff,
    0xff, 0xf6, 0x8f, 0xff, 0xff, 0xff, 0xfd, 0x0,
    0x0, 0x0, 0x0, 0xef, 0xff, 0xff, 0xff, 0xf6,
    0x8f, 0xff, 0xff, 0xff, 0xff, 0x50, 0x0, 0x0,
    0x6, 0xff, 0xff, 0xff, 0xff, 0xf6, 0x8f, 0xff,
    0xf8, 0xff, 0xff, 0xc0, 0x0, 0x0, 0xd, 0xff,
    0xff, 0x9f, 0xff, 0xf6, 0x8f, 0xff, 0xf5, 0xbf,
    0xff, 0xf4, 0x0, 0x0, 0x5f, 0xff, 0xf9, 0x7f,
    0xff, 0xf6, 0x8f, 0xff, 0xf5, 0x3f, 0xff, 0xfb,
    0x0, 0x0, 0xcf, 0xff, 0xf2, 0x7f, 0xff, 0xf6,
    0x8f, 0xff, 0xf5, 0xb, 0xff, 0xff, 0x30, 0x4,
    0xff, 0xff, 0xa0, 0x7f, 0xff, 0xf6, 0x8f, 0xff,
    0xf5, 0x4, 0xff, 0xff, 0xa0, 0xb, 0xff, 0xff,
    0x20, 0x7f, 0xff, 0xf6, 0x8f, 0xff, 0xf5, 0x0,
    0xcf, 0xff, 0xf2, 0x3f, 0xff, 0xfa, 0x0, 0x7f,
    0xff, 0xf6, 0x8f, 0xff, 0xf5, 0x0, 0x4f, 0xff,
    0xfa, 0xaf, 0xff, 0xf3, 0x0, 0x7f, 0xff, 0xf6,
    0x8f, 0xff, 0xf5, 0x0, 0xc, 0xff, 0xff, 0xff,
    0xff, 0xb0, 0x0, 0x7f, 0xff, 0xf6, 0x8f, 0xff,
    0xf5, 0x0, 0x5, 0xff, 0xff, 0xff, 0xff, 0x30,
    0x0, 0x7f, 0xff, 0xf6, 0x8f, 0xff, 0xf5, 0x0,
    0x0, 0xdf, 0xff, 0xff, 0xfb, 0x0, 0x0, 0x7f,
    0xff, 0xf6, 0x8f, 0xff, 0xf5, 0x0, 0x0, 0x5f,
    0xff, 0xff, 0xf4, 0x0, 0x0, 0x7f, 0xff, 0xf6,
    0x8f, 0xff, 0xf5, 0x0, 0x0, 0xd, 0xff, 0xff,
    0xc0, 0x0, 0x0, 0x7f, 0xff, 0xf6, 0x8f, 0xff,
    0xf5, 0x0, 0x0, 0x5, 0xff, 0xff, 0x40, 0x0,
    0x0, 0x7f, 0xff, 0xf6, 0x8f, 0xff, 0xf5, 0x0,
    0x0, 0x0, 0x55, 0x55, 0x0, 0x0, 0x0, 0x7f,
    0xff, 0xf6, 0x8f, 0xff, 0xf5, 0x0, 0x0, 0x0,
    0x0, 0x0, 0x0, 0x0, 0x0, 0x7f, 0xff, 0xf6,
    0x8f, 0xff, 0xf5, 0x0, 0x0, 0x0, 0x0, 0x0,
    0x0, 0x0, 0x0, 0x7f, 0xff, 0xf6, 0x8f, 0xff,
    0xf5, 0x0, 0x0, 0x0, 0x0, 0x0, 0x0, 0x0,
    0x0, 0x7f, 0xff, 0xf6,

    /* U+004E "N" */
    0x8f, 0xff, 0xfa, 0x0, 0x0, 0x0, 0x0, 0x0,
    0x1f, 0xff, 0xfc, 0x8f, 0xff, 0xff, 0x40, 0x0,
    0x0, 0x0, 0x0, 0x1f, 0xff, 0xfc, 0x8f, 0xff,
    0xff, 0xe0, 0x0, 0x0, 0x0, 0x0, 0x1f, 0xff,
    0xfc, 0x8f, 0xff, 0xff, 0xf9, 0x0, 0x0, 0x0,
    0x0, 0x1f, 0xff, 0xfc, 0x8f, 0xff, 0xff, 0xff,
    0x40, 0x0, 0x0, 0x0, 0x1f, 0xff, 0xfc, 0x8f,
    0xff, 0xff, 0xff, 0xd0, 0x0, 0x0, 0x0, 0x1f,
    0xff, 0xfc, 0x8f, 0xff, 0xff, 0xff, 0xf8, 0x0,
    0x0, 0x0, 0x1f, 0xff, 0xfc, 0x8f, 0xff, 0xff,
    0xff, 0xff, 0x30, 0x0, 0x0, 0x1f, 0xff, 0xfc,
    0x8f, 0xff, 0xfb, 0xff, 0xff, 0xd0, 0x0, 0x0,
    0x1f, 0xff, 0xfc, 0x8f, 0xff, 0xf5, 0xbf, 0xff,
    0xf7, 0x0, 0x0, 0x1f, 0xff, 0xfc, 0x8f, 0xff,
    0xf5, 0x2f, 0xff, 0xff, 0x20, 0x0, 0x1f, 0xff,
    0xfc, 0x8f, 0xff, 0xf5, 0x7, 0xff, 0xff, 0xc0,
    0x0, 0x1f, 0xff, 0xfc, 0x8f, 0xff, 0xf5, 0x0,
    0xcf, 0xff, 0xf6, 0x0, 0x1f, 0xff, 0xfc, 0x8f,
    0xff, 0xf5, 0x0, 0x2f, 0xff, 0xff, 0x10, 0x1f,
    0xff, 0xfc, 0x8f, 0xff, 0xf5, 0x0, 0x8, 0xff,
    0xff, 0xb0, 0x1f, 0xff, 0xfc, 0x8f, 0xff, 0xf5,
    0x0, 0x0, 0xdf, 0xff, 0xf5, 0x1f, 0xff, 0xfc,
    0x8f, 0xff, 0xf5, 0x0, 0x0, 0x3f, 0xff, 0xfe,
    0x2f, 0xff, 0xfc, 0x8f, 0xff, 0xf5, 0x0, 0x0,
    0x9, 0xff, 0xff, 0xbf, 0xff, 0xfc, 0x8f, 0xff,
    0xf5, 0x0, 0x0, 0x0, 0xdf, 0xff, 0xff, 0xff,
    0xfc, 0x8f, 0xff, 0xf5, 0x0, 0x0, 0x0, 0x4f,
    0xff, 0xff, 0xff, 0xfc, 0x8f, 0xff, 0xf5, 0x0,
    0x0, 0x0, 0xa, 0xff, 0xff, 0xff, 0xfc, 0x8f,
    0xff, 0xf5, 0x0, 0x0, 0x0, 0x1, 0xef, 0xff,
    0xff, 0xfc, 0x8f, 0xff, 0xf5, 0x0, 0x0, 0x0,
    0x0, 0x5f, 0xff, 0xff, 0xfc, 0x8f, 0xff, 0xf5,
    0x0, 0x0, 0x0, 0x0, 0xa, 0xff, 0xff, 0xfc,
    0x8f, 0xff, 0xf5, 0x0, 0x0, 0x0, 0x0, 0x1,
    0xef, 0xff, 0xfc, 0x8f, 0xff, 0xf5, 0x0, 0x0,
    0x0, 0x0, 0x0, 0x6f, 0xff, 0xfc,

    /* U+004F "O" */
    0x0, 0x0, 0x0, 0x0, 0x38, 0xbe, 0xff, 0xec,
    0x94, 0x0, 0x0, 0x0, 0x0, 0x0, 0x0, 0x0,
    0x3c, 0xff, 0xff, 0xff, 0xff, 0xff, 0xe6, 0x0,
    0x0, 0x0, 0x0, 0x0, 0x8, 0xff, 0xff, 0xff,
    0xff, 0xff, 0xff, 0xff, 0xb1, 0x0, 0x0, 0x0,
    0x0, 0xbf, 0xff, 0xff, 0xff, 0xff, 0xff, 0xff,
    0xff, 0xfd, 0x10, 0x0, 0x0, 0x9, 0xff, 0xff,
    0xff, 0xea, 0x88, 0x9d, 0xff, 0xff, 0xff, 0xc0,
    0x0, 0x0, 0x4f, 0xff, 0xff, 0xe5, 0x0, 0x0,
    0x0, 0x3d, 0xff, 0xff, 0xf8, 0x0, 0x0, 0xdf,
    0xff, 0xfd, 0x20, 0x0, 0x0, 0x0, 0x0, 0xbf,
    0xff, 0xff, 0x20, 0x5, 0xff, 0xff, 0xf2, 0x0,
    0x0, 0x0, 0x0, 0x0, 0xe, 0xff, 0xff, 0x90,
    0xa, 0xff, 0xff, 0x80, 0x0, 0x0, 0x0, 0x0,
    0x0, 0x5, 0xff, 0xff, 0xe0, 0xf, 0xff, 0xff,
    0x20, 0x0, 0x0, 0x0, 0x0, 0x0, 0x0, 0xef,
    0xff, 0xf2, 0x2f, 0xff, 0xfd, 0x0, 0x0, 0x0,
    0x0, 0x0, 0x0, 0x0, 0xaf, 0xff, 0xf5, 0x4f,
    0xff, 0xfb, 0x0, 0x0, 0x0, 0x0, 0x0, 0x0,
    0x0, 0x8f, 0xff, 0xf7, 0x5f, 0xff, 0xfa, 0x0,
    0x0, 0x0, 0x0, 0x0, 0x0, 0x0, 0x6f, 0xff,
    0xf8, 0x5f, 0xff, 0xfa, 0x0, 0x0, 0x0, 0x0,
    0x0, 0x0, 0x0, 0x6f, 0xff, 0xf8, 0x4f, 0xff,
    0xfb, 0x0, 0x0, 0x0, 0x0, 0x0, 0x0, 0x0,
    0x8f, 0xff, 0xf7, 0x2f, 0xff, 0xfd, 0x0, 0x0,
    0x0, 0x0, 0x0, 0x0, 0x0, 0xaf, 0xff, 0xf5,
    0xf, 0xff, 0xff, 0x20, 0x0, 0x0, 0x0, 0x0,
    0x0, 0x0, 0xef, 0xff, 0xf2, 0xa, 0xff, 0xff,
    0x80, 0x0, 0x0, 0x0, 0x0, 0x0, 0x5, 0xff,
    0xff, 0xe0, 0x5, 0xff, 0xff, 0xf2, 0x0, 0x0,
    0x0, 0x0, 0x0, 0xe, 0xff, 0xff, 0x90, 0x0,
    0xdf, 0xff, 0xfd, 0x10, 0x0, 0x0, 0x0, 0x0,
    0xbf, 0xff, 0xff, 0x20, 0x0, 0x4f, 0xff, 0xff,
    0xe5, 0x0, 0x0, 0x0, 0x3c, 0xff, 0xff, 0xf8,
    0x0, 0x0, 0x9, 0xff, 0xff, 0xff, 0xe9, 0x77,
    0x9c, 0xff, 0xff, 0xff, 0xc0, 0x0, 0x0, 0x0,
    0xbf, 0xff, 0xff, 0xff, 0xff, 0xff, 0xff, 0xff,
    0xfd, 0x10, 0x0, 0x0, 0x0, 0x9, 0xff, 0xff,
    0xff, 0xff, 0xff, 0xff, 0xff, 0xb1, 0x0, 0x0,
    0x0, 0x0, 0x0, 0x4c, 0xff, 0xff, 0xff, 0xff,
    0xff, 0xe6, 0x0, 0x0, 0x0, 0x0, 0x0, 0x0,
    0x0, 0x38, 0xbe, 0xff, 0xec, 0x94, 0x0, 0x0,
    0x0, 0x0,

    /* U+0050 "P" */
    0x8f, 0xff, 0xff, 0xff, 0xff, 0xfe, 0xc8, 0x20,
    0x0, 0x8, 0xff, 0xff, 0xff, 0xff, 0xff, 0xff,
    0xff, 0x90, 0x0, 0x8f, 0xff, 0xff, 0xff, 0xff,
    0xff, 0xff, 0xff, 0xd1, 0x8, 0xff, 0xff, 0xff,
    0xff, 0xff, 0xff, 0xff, 0xff, 0xb0, 0x8f, 0xff,
    0xf5, 0x0, 0x0, 0x14, 0xbf, 0xff, 0xff, 0x38,
    0xff, 0xff, 0x50, 0x0, 0x0, 0x0, 0xbf, 0xff,
    0xf9, 0x8f, 0xff, 0xf5, 0x0, 0x0, 0x0, 0x3,
    0xff, 0xff, 0xc8, 0xff, 0xff, 0x50, 0x0, 0x0,
    0x0, 0xf, 0xff, 0xfe, 0x8f, 0xff, 0xf5, 0x0,
    0x0, 0x0, 0x0, 0xff, 0xff, 0xe8, 0xff, 0xff,
    0x50, 0x0, 0x0, 0x0, 0x3f, 0xff, 0xfc, 0x8f,
    0xff, 0xf5, 0x0, 0x0, 0x0, 0xb, 0xff, 0xff,
    0x98, 0xff, 0xff, 0x50, 0x0, 0x0, 0x4b, 0xff,
    0xff, 0xf3, 0x8f, 0xff, 0xff, 0xff, 0xff, 0xff,
    0xff, 0xff, 0xfa, 0x8, 0xff, 0xff, 0xff, 0xff,
    0xff, 0xff, 0xff, 0xfc, 0x0, 0x8f, 0xff, 0xff,
    0xff, 0xff, 0xff, 0xff, 0xf9, 0x0, 0x8, 0xff,
    0xff, 0xff, 0xff, 0xff, 0xec, 0x82, 0x0, 0x0,
    0x8f, 0xff, 0xf5, 0x0, 0x0, 0x0, 0x0, 0x0,
    0x0, 0x8, 0xff, 0xff, 0x50, 0x0, 0x0, 0x0,
    0x0, 0x0, 0x0, 0x8f, 0xff, 0xf5, 0x0, 0x0,
    0x0, 0x0, 0x0, 0x0, 0x8, 0xff, 0xff, 0x50,
    0x0, 0x0, 0x0, 0x0, 0x0, 0x0, 0x8f, 0xff,
    0xf5, 0x0, 0x0, 0x0, 0x0, 0x0, 0x0, 0x8,
    0xff, 0xff, 0x50, 0x0, 0x0, 0x0, 0x0, 0x0,
    0x0, 0x8f, 0xff, 0xf5, 0x0, 0x0, 0x0, 0x0,
    0x0, 0x0, 0x8, 0xff, 0xff, 0x50, 0x0, 0x0,
    0x0, 0x0, 0x0, 0x0, 0x8f, 0xff, 0xf5, 0x0,
    0x0, 0x0, 0x0, 0x0, 0x0, 0x8, 0xff, 0xff,
    0x50, 0x0, 0x0, 0x0, 0x0, 0x0, 0x0,

    /* U+0051 "Q" */
    0x0, 0x0, 0x0, 0x0, 0x38, 0xbe, 0xff, 0xec,
    0x94, 0x0, 0x0, 0x0, 0x0, 0x0, 0x0, 0x0,
    0x3c, 0xff, 0xff, 0xff, 0xff, 0xff, 0xe6, 0x0,
    0x0, 0x0, 0x0, 0x0, 0x8, 0xff, 0xff, 0xff,
    0xff, 0xff, 0xff, 0xff, 0xb1, 0x0, 0x0, 0x0,
    0x0, 0xbf, 0xff, 0xff, 0xff, 0xff, 0xff, 0xff,
    0xff, 0xfd, 0x10, 0x0, 0x0, 0x9, 0xff, 0xff,
    0xff, 0xea, 0x88, 0x9d, 0xff, 0xff, 0xff, 0xc0,
    0x0, 0x0, 0x4f, 0xff, 0xff, 0xe5, 0x0, 0x0,
    0x0, 0x3d, 0xff, 0xff, 0xf8, 0x0, 0x0, 0xdf,
    0xff, 0xfd, 0x20, 0x0, 0x0, 0x0, 0x0, 0xbf,
    0xff, 0xff, 0x20, 0x5, 0xff, 0xff, 0xf2, 0x0,
    0x0, 0x0, 0x0, 0x0, 0xe, 0xff, 0xff, 0x90,
    0xa, 0xff, 0xff, 0x80, 0x0, 0x0, 0x0, 0x0,
    0x0, 0x5, 0xff, 0xff, 0xe0, 0xf, 0xff, 0xff,
    0x20, 0x0, 0x0, 0x0, 0x0, 0x0, 0x0, 0xef,
    0xff, 0xf2, 0x2f, 0xff, 0xfd, 0x0, 0x0, 0x0,
    0x0, 0x0, 0x0, 0x0, 0xaf, 0xff, 0xf5, 0x4f,
    0xff, 0xfb, 0x0, 0x0, 0x0, 0x0, 0x0, 0x0,
    0x0, 0x8f, 0xff, 0xf7, 0x5f, 0xff, 0xfa, 0x0,
    0x0, 0x0, 0x0, 0x0, 0x0, 0x0, 0x6f, 0xff,
    0xf8, 0x5f, 0xff, 0xfa, 0x0, 0x0, 0x0, 0x0,
    0x0, 0x0, 0x0, 0x6f, 0xff, 0xf8, 0x4f, 0xff,
    0xfb, 0x0, 0x0, 0x0, 0x0, 0x0, 0x0, 0x0,
    0x8f, 0xff, 0xf7, 0x2f, 0xff, 0xfd, 0x0, 0x0,
    0xbe, 0xee, 0xea, 0x0, 0x0, 0xaf, 0xff, 0xf5,
    0xf, 0xff, 0xff, 0x20, 0x0, 0x3f, 0xff, 0xff,
    0x50, 0x0, 0xef, 0xff, 0xf2, 0xa, 0xff, 0xff,
    0x80, 0x0, 0x9, 0xff, 0xff, 0xe1, 0x5, 0xff,
    0xff, 0xe0, 0x5, 0xff, 0xff, 0xf2, 0x0, 0x0,
    0xef, 0xff, 0xfa, 0xe, 0xff, 0xff, 0x90, 0x0,
    0xdf, 0xff, 0xfd, 0x10, 0x0, 0x5f, 0xff, 0xff,
    0xff, 0xff, 0xff, 0x20, 0x0, 0x4f, 0xff, 0xff,
    0xe5, 0x0, 0xa, 0xff, 0xff, 0xff, 0xff, 0xf8,
    0x0, 0x0, 0x9, 0xff, 0xff, 0xff, 0xe9, 0x79,
    0xff, 0xff, 0xff, 0xff, 0xc0, 0x0, 0x0, 0x0,
    0xbf, 0xff, 0xff, 0xff, 0xff, 0xff, 0xff, 0xff,
    0xfd, 0x10, 0x0, 0x0, 0x0, 0x9, 0xff, 0xff,
    0xff, 0xff, 0xff, 0xff, 0xff, 0xf2, 0x0, 0x0,
    0x0, 0x0, 0x0, 0x4c, 0xff, 0xff, 0xff, 0xff,
    0xff, 0xff, 0xf9, 0x0, 0x0, 0x0, 0x0, 0x0,
    0x0, 0x38, 0xbe, 0xff, 0xec, 0xff, 0xff, 0xff,
    0x30, 0x0, 0x0, 0x0, 0x0, 0x0, 0x0, 0x0,
    0x0, 0x0, 0xd, 0xff, 0xff, 0xd0, 0x0, 0x0,
    0x0, 0x0, 0x0, 0x0, 0x0, 0x0, 0x0, 0x3,
    0xff, 0xff, 0xf8, 0x0, 0x0, 0x0, 0x0, 0x0,
    0x0, 0x0, 0x0, 0x0, 0x0, 0x9f, 0xff, 0xff,
    0x30, 0x0, 0x0, 0x0, 0x0, 0x0, 0x0, 0x0,
    0x0, 0x0, 0x7, 0x88, 0x88, 0x50,

    /* U+0052 "R" */
    0x8f, 0xff, 0xff, 0xff, 0xff, 0xfe, 0xb7, 0x10,
    0x0, 0x0, 0x8f, 0xff, 0xff, 0xff, 0xff, 0xff,
    0xff, 0xf8, 0x0, 0x0, 0x8f, 0xff, 0xff, 0xff,
    0xff, 0xff, 0xff, 0xff, 0xb0, 0x0, 0x8f, 0xff,
    0xff, 0xff, 0xff, 0xff, 0xff, 0xff, 0xf8, 0x0,
    0x8f, 0xff, 0xf7, 0x22, 0x22, 0x37, 0xef, 0xff,
    0xff, 0x10, 0x8f, 0xff, 0xf5, 0x0, 0x0, 0x0,
    0x1e, 0xff, 0xff, 0x70, 0x8f, 0xff, 0xf5, 0x0,
    0x0, 0x0, 0x6, 0xff, 0xff, 0xa0, 0x8f, 0xff,
    0xf5, 0x0, 0x0, 0x0, 0x3, 0xff, 0xff, 0xc0,
    0x8f, 0xff, 0xf5, 0x0, 0x0, 0x0, 0x2, 0xff,
    0xff, 0xc0, 0x8f, 0xff, 0xf5, 0x0, 0x0, 0x0,
    0x4, 0xff, 0xff, 0xa0, 0x8f, 0xff, 0xf5, 0x0,
    0x0, 0x0, 0xa, 0xff, 0xff, 0x70, 0x8f, 0xff,
    0xf5, 0x0, 0x0, 0x0, 0x7f, 0xff, 0xff, 0x10,
    0x8f, 0xff, 0xfb, 0x99, 0x99, 0xae, 0xff, 0xff,
    0xf9, 0x0, 0x8f, 0xff, 0xff, 0xff, 0xff, 0xff,
    0xff, 0xff, 0xb0, 0x0, 0x8f, 0xff, 0xff, 0xff,
    0xff, 0xff, 0xff, 0xf8, 0x0, 0x0, 0x8f, 0xff,
    0xff, 0xff, 0xff, 0xff, 0xff, 0x20, 0x0, 0x0,
    0x8f, 0xff, 0xf5, 0x0, 0xd, 0xff, 0xff, 0x70,
    0x0, 0x0, 0x8f, 0xff, 0xf5, 0x0, 0x5, 0xff,
    0xff, 0xe0, 0x0, 0x0, 0x8f, 0xff, 0xf5, 0x0,
    0x0, 0xef, 0xff, 0xf7, 0x0, 0x0, 0x8f, 0xff,
    0xf5, 0x0, 0x0, 0x7f, 0xff, 0xfe, 0x0, 0x0,
    0x8f, 0xff, 0xf5, 0x0, 0x0, 0xe, 0xff, 0xff,
    0x60, 0x0, 0x8f, 0xff, 0xf5, 0x0, 0x0, 0x8,
    0xff, 0xff, 0xe0, 0x0, 0x8f, 0xff, 0xf5, 0x0,
    0x0, 0x1, 0xff, 0xff, 0xf6, 0x0, 0x8f, 0xff,
    0xf5, 0x0, 0x0, 0x0, 0x9f, 0xff, 0xfd, 0x0,
    0x8f, 0xff, 0xf5, 0x0, 0x0, 0x0, 0x2f, 0xff,
    0xff, 0x50, 0x8f, 0xff, 0xf5, 0x0, 0x0, 0x0,
    0xa, 0xff, 0xff, 0xd0,

    /* U+0053 "S" */
    0x0, 0x0, 0x3, 0x8c, 0xef, 0xed, 0xa5, 0x0,
    0x0, 0x0, 0x0, 0x1, 0xaf, 0xff, 0xff, 0xff,
    0xff, 0xe4, 0x0, 0x0, 0x0, 0x1e, 0xff, 0xff,
    0xff, 0xff, 0xff, 0xff, 0x60, 0x0, 0x0, 0xdf,
    0xff, 0xff, 0xff, 0xff, 0xff, 0xff, 0xf4, 0x0,
    0x5, 0xff, 0xff, 0xfc, 0x53, 0x5b, 0xff, 0xff,
    0xfd, 0x0, 0xa, 0xff, 0xff, 0xb0, 0x0, 0x0,
    0x8f, 0xff, 0xff, 0x20, 0xc, 0xff, 0xff, 0x50,
    0x0, 0x0, 0xe, 0xff, 0xff, 0x50, 0xd, 0xff,
    0xff, 0x50, 0x0, 0x0, 0x4, 0x55, 0x55, 0x20,
    0xb, 0xff, 0xff, 0xb0, 0x0, 0x0, 0x0, 0x0,
    0x0, 0x0, 0x7, 0xff, 0xff, 0xfb, 0x20, 0x0,
    0x0, 0x0, 0x0, 0x0, 0x0, 0xef, 0xff, 0xff,
    0xfb, 0x61, 0x0, 0x0, 0x0, 0x0, 0x0, 0x3f,
    0xff, 0xff, 0xff, 0xff, 0xb5, 0x0, 0x0, 0x0,
    0x0, 0x2, 0xcf, 0xff, 0xff, 0xff, 0xff, 0xd5,
    0x0, 0x0, 0x0, 0x0, 0x4, 0xbf, 0xff, 0xff,
    0xff, 0xff, 0xb0, 0x0, 0x0, 0x0, 0x0, 0x1,
    0x7c, 0xff, 0xff, 0xff, 0xfb, 0x0, 0x0, 0x0,
    0x0, 0x0, 0x0, 0x29, 0xff, 0xff, 0xff, 0x60,
    0x0, 0x0, 0x0, 0x0, 0x0, 0x0, 0x3e, 0xff,
    0xff, 0xc0, 0x1, 0x11, 0x10, 0x0, 0x0, 0x0,
    0x6, 0xff, 0xff, 0xf0, 0x5f, 0xff, 0xfd, 0x0,
    0x0, 0x0, 0x2, 0xff, 0xff, 0xf1, 0x3f, 0xff,
    0xff, 0x20, 0x0, 0x0, 0x3, 0xff, 0xff, 0xf0,
    0xf, 0xff, 0xff, 0xc0, 0x0, 0x0, 0xa, 0xff,
    0xff, 0xd0, 0x8, 0xff, 0xff, 0xfd, 0x63, 0x35,
    0xcf, 0xff, 0xff, 0x70, 0x1, 0xdf, 0xff, 0xff,
    0xff, 0xff, 0xff, 0xff, 0xfc, 0x0, 0x0, 0x1e,
    0xff, 0xff, 0xff, 0xff, 0xff, 0xff, 0xe1, 0x0,
    0x0, 0x1, 0x9f, 0xff, 0xff, 0xff, 0xff, 0xfa,
    0x10, 0x0, 0x0, 0x0, 0x2, 0x7b, 0xdf, 0xfe,
    0xc8, 0x30, 0x0, 0x0,

    /* U+0054 "T" */
    0xf, 0xff, 0xff, 0xff, 0xff, 0xff, 0xff, 0xff,
    0xff, 0xff, 0x80, 0xff, 0xff, 0xff, 0xff, 0xff,
    0xff, 0xff, 0xff, 0xff, 0xf8, 0xf, 0xff, 0xff,
    0xff, 0xff, 0xff, 0xff, 0xff, 0xff, 0xff, 0x80,
    0xff, 0xff, 0xff, 0xff, 0xff, 0xff, 0xff, 0xff,
    0xff, 0xf8, 0x0, 0x0, 0x0, 0x0, 0xaf, 0xff,
    0xf2, 0x0, 0x0, 0x0, 0x0, 0x0, 0x0, 0x0,
    0xa, 0xff, 0xff, 0x20, 0x0, 0x0, 0x0, 0x0,
    0x0, 0x0, 0x0, 0xaf, 0xff, 0xf2, 0x0, 0x0,
    0x0, 0x0, 0x0, 0x0, 0x0, 0xa, 0xff, 0xff,
    0x20, 0x0, 0x0, 0x0, 0x0, 0x0, 0x0, 0x0,
    0xaf, 0xff, 0xf2, 0x0, 0x0, 0x0, 0x0, 0x0,
    0x0, 0x0, 0xa, 0xff, 0xff, 0x20, 0x0, 0x0,
    0x0, 0x0, 0x0, 0x0, 0x0, 0xaf, 0xff, 0xf2,
    0x0, 0x0, 0x0, 0x0, 0x0, 0x0, 0x0, 0xa,
    0xff, 0xff, 0x20, 0x0, 0x0, 0x0, 0x0, 0x0,
    0x0, 0x0, 0xaf, 0xff, 0xf2, 0x0, 0x0, 0x0,
    0x0, 0x0, 0x0, 0x0, 0xa, 0xff, 0xff, 0x20,
    0x0, 0x0, 0x0, 0x0, 0x0, 0x0, 0x0, 0xaf,
    0xff, 0xf2, 0x0, 0x0, 0x0, 0x0, 0x0, 0x0,
    0x0, 0xa, 0xff, 0xff, 0x20, 0x0, 0x0, 0x0,
    0x0, 0x0, 0x0, 0x0, 0xaf, 0xff, 0xf2, 0x0,
    0x0, 0x0, 0x0, 0x0, 0x0, 0x0, 0xa, 0xff,
    0xff, 0x20, 0x0, 0x0, 0x0, 0x0, 0x0, 0x0,
    0x0, 0xaf, 0xff, 0xf2, 0x0, 0x0, 0x0, 0x0,
    0x0, 0x0, 0x0, 0xa, 0xff, 0xff, 0x20, 0x0,
    0x0, 0x0, 0x0, 0x0, 0x0, 0x0, 0xaf, 0xff,
    0xf2, 0x0, 0x0, 0x0, 0x0, 0x0, 0x0, 0x0,
    0xa, 0xff, 0xff, 0x20, 0x0, 0x0, 0x0, 0x0,
    0x0, 0x0, 0x0, 0xaf, 0xff, 0xf2, 0x0, 0x0,
    0x0, 0x0, 0x0, 0x0, 0x0, 0xa, 0xff, 0xff,
    0x20, 0x0, 0x0, 0x0, 0x0, 0x0, 0x0, 0x0,
    0xaf, 0xff, 0xf2, 0x0, 0x0, 0x0, 0x0, 0x0,
    0x0, 0x0, 0xa, 0xff, 0xff, 0x20, 0x0, 0x0,
    0x0,

    /* U+0055 "U" */
    0xbf, 0xff, 0xf2, 0x0, 0x0, 0x0, 0x0, 0x7,
    0xff, 0xff, 0x6b, 0xff, 0xff, 0x20, 0x0, 0x0,
    0x0, 0x0, 0x7f, 0xff, 0xf6, 0xbf, 0xff, 0xf2,
    0x0, 0x0, 0x0, 0x0, 0x7, 0xff, 0xff, 0x6b,
    0xff, 0xff, 0x20, 0x0, 0x0, 0x0, 0x0, 0x7f,
    0xff, 0xf6, 0xbf, 0xff, 0xf2, 0x0, 0x0, 0x0,
    0x0, 0x7, 0xff, 0xff, 0x6b, 0xff, 0xff, 0x20,
    0x0, 0x0, 0x0, 0x0, 0x7f, 0xff, 0xf6, 0xbf,
    0xff, 0xf2, 0x0, 0x0, 0x0, 0x0, 0x7, 0xff,
    0xff, 0x6b, 0xff, 0xff, 0x20, 0x0, 0x0, 0x0,
    0x0, 0x7f, 0xff, 0xf6, 0xbf, 0xff, 0xf2, 0x0,
    0x0, 0x0, 0x0, 0x7, 0xff, 0xff, 0x6b, 0xff,
    0xff, 0x20, 0x0, 0x0, 0x0, 0x0, 0x7f, 0xff,
    0xf6, 0xbf, 0xff, 0xf2, 0x0, 0x0, 0x0, 0x0,
    0x7, 0xff, 0xff, 0x6b, 0xff, 0xff, 0x20, 0x0,
    0x0, 0x0, 0x0, 0x7f, 0xff, 0xf6, 0xbf, 0xff,
    0xf2, 0x0, 0x0, 0x0, 0x0, 0x7, 0xff, 0xff,
    0x6b, 0xff, 0xff, 0x20, 0x0, 0x0, 0x0, 0x0,
    0x7f, 0xff, 0xf6, 0xbf, 0xff, 0xf2, 0x0, 0x0,
    0x0, 0x0, 0x7, 0xff, 0xff, 0x6b, 0xff, 0xff,
    0x20, 0x0, 0x0, 0x0, 0x0, 0x7f, 0xff, 0xf6,
    0xbf, 0xff, 0xf3, 0x0, 0x0, 0x0, 0x0, 0x8,
    0xff, 0xff, 0x59, 0xff, 0xff, 0x50, 0x0, 0x0,
    0x0, 0x0, 0xaf, 0xff, 0xf4, 0x7f, 0xff, 0xf9,
    0x0, 0x0, 0x0, 0x0, 0xe, 0xff, 0xff, 0x13,
    0xff, 0xff, 0xf2, 0x0, 0x0, 0x0, 0x7, 0xff,
    0xff, 0xd0, 0xd, 0xff, 0xff, 0xe3, 0x0, 0x0,
    0x7, 0xff, 0xff, 0xf7, 0x0, 0x5f, 0xff, 0xff,
    0xfd, 0xa9, 0xae, 0xff, 0xff, 0xfe, 0x0, 0x0,
    0xaf, 0xff, 0xff, 0xff, 0xff, 0xff, 0xff, 0xff,
    0x40, 0x0, 0x0, 0xbf, 0xff, 0xff, 0xff, 0xff,
    0xff, 0xff, 0x50, 0x0, 0x0, 0x0, 0x7f, 0xff,
    0xff, 0xff, 0xff, 0xfc, 0x30, 0x0, 0x0, 0x0,
    0x0, 0x6, 0xad, 0xff, 0xec, 0x83, 0x0, 0x0,
    0x0,

    /* U+0056 "V" */
    0x4f, 0xff, 0xfe, 0x0, 0x0, 0x0, 0x0, 0x0,
    0x0, 0x7, 0xff, 0xff, 0xb0, 0xef, 0xff, 0xf3,
    0x0, 0x0, 0x0, 0x0, 0x0, 0x0, 0xcf, 0xff,
    0xf5, 0x9, 0xff, 0xff, 0x80, 0x0, 0x0, 0x0,
    0x0, 0x0, 0x1f, 0xff, 0xff, 0x0, 0x3f, 0xff,
    0xfe, 0x0, 0x0, 0x0, 0x0, 0x0, 0x7, 0xff,
    0xff, 0xa0, 0x0, 0xdf, 0xff, 0xf3, 0x0, 0x0,
    0x0, 0x0, 0x0, 0xcf, 0xff, 0xf4, 0x0, 0x8,
    0xff, 0xff, 0x80, 0x0, 0x0, 0x0, 0x0, 0x1f,
    0xff, 0xfe, 0x0, 0x0, 0x2f, 0xff, 0xfe, 0x0,
    0x0, 0x0, 0x0, 0x7, 0xff, 0xff, 0x90, 0x0,
    0x0, 0xcf, 0xff, 0xf3, 0x0, 0x0, 0x0, 0x0,
    0xcf, 0xff, 0xf3, 0x0, 0x0, 0x7, 0xff, 0xff,
    0x80, 0x0, 0x0, 0x0, 0x2f, 0xff, 0xfd, 0x0,
    0x0, 0x0, 0x1f, 0xff, 0xfe, 0x0, 0x0, 0x0,
    0x7, 0xff, 0xff, 0x80, 0x0, 0x0, 0x0, 0xcf,
    0xff, 0xf3, 0x0, 0x0, 0x0, 0xcf, 0xff, 0xf2,
    0x0, 0x0, 0x0, 0x6, 0xff, 0xff, 0x90, 0x0,
    0x0, 0x2f, 0xff, 0xfd, 0x0, 0x0, 0x0, 0x0,
    0x1f, 0xff, 0xfe, 0x0, 0x0, 0x7, 0xff, 0xff,
    0x70, 0x0, 0x0, 0x0, 0x0, 0xbf, 0xff, 0xf3,
    0x0, 0x0, 0xdf, 0xff, 0xf1, 0x0, 0x0, 0x0,
    0x0, 0x5, 0xff, 0xff, 0x90, 0x0, 0x2f, 0xff,
    0xfc, 0x0, 0x0, 0x0, 0x0, 0x0, 0xf, 0xff,
    0xfe, 0x0, 0x7, 0xff, 0xff, 0x60, 0x0, 0x0,
    0x0, 0x0, 0x0, 0xaf, 0xff, 0xf3, 0x0, 0xdf,
    0xff, 0xf1, 0x0, 0x0, 0x0, 0x0, 0x0, 0x4,
    0xff, 0xff, 0x90, 0x2f, 0xff, 0xfb, 0x0, 0x0,
    0x0, 0x0, 0x0, 0x0, 0xe, 0xff, 0xfe, 0x8,
    0xff, 0xff, 0x50, 0x0, 0x0, 0x0, 0x0, 0x0,
    0x0, 0x9f, 0xff, 0xf3, 0xdf, 0xff, 0xf0, 0x0,
    0x0, 0x0, 0x0, 0x0, 0x0, 0x3, 0xff, 0xff,
    0xbf, 0xff, 0xfa, 0x0, 0x0, 0x0, 0x0, 0x0,
    0x0, 0x0, 0xd, 0xff, 0xff, 0xff, 0xff, 0x40,
    0x0, 0x0, 0x0, 0x0, 0x0, 0x0, 0x0, 0x8f,
    0xff, 0xff, 0xff, 0xe0, 0x0, 0x0, 0x0, 0x0,
    0x0, 0x0, 0x0, 0x2, 0xff, 0xff, 0xff, 0xf9,
    0x0, 0x0, 0x0, 0x0, 0x0, 0x0, 0x0, 0x0,
    0xd, 0xff, 0xff, 0xff, 0x30, 0x0, 0x0, 0x0,
    0x0, 0x0, 0x0, 0x0, 0x0, 0x7f, 0xff, 0xff,
    0xe0, 0x0, 0x0, 0x0, 0x0,

    /* U+0057 "W" */
    0xe, 0xff, 0xff, 0x30, 0x0, 0x0, 0x0, 0x6,
    0xff, 0xff, 0xf2, 0x0, 0x0, 0x0, 0x0, 0x9f,
    0xff, 0xf9, 0xa, 0xff, 0xff, 0x70, 0x0, 0x0,
    0x0, 0xa, 0xff, 0xff, 0xf6, 0x0, 0x0, 0x0,
    0x0, 0xcf, 0xff, 0xf5, 0x6, 0xff, 0xff, 0xa0,
    0x0, 0x0, 0x0, 0xe, 0xff, 0xff, 0xfa, 0x0,
    0x0, 0x0, 0x0, 0xff, 0xff, 0xf1, 0x2, 0xff,
    0xff, 0xe0, 0x0, 0x0, 0x0, 0x3f, 0xff, 0xff,
    0xfe, 0x0, 0x0, 0x0, 0x3, 0xff, 0xff, 0xd0,
    0x0, 0xef, 0xff, 0xf1, 0x0, 0x0, 0x0, 0x7f,
    0xff, 0xff, 0xff, 0x20, 0x0, 0x0, 0x7, 0xff,
    0xff, 0x90, 0x0, 0xaf, 0xff, 0xf5, 0x0, 0x0,
    0x0, 0xbf, 0xff, 0xff, 0xff, 0x60, 0x0, 0x0,
    0xa, 0xff, 0xff, 0x40, 0x0, 0x6f, 0xff, 0xf8,
    0x0, 0x0, 0x0, 0xff, 0xff, 0xff, 0xff, 0xa0,
    0x0, 0x0, 0xe, 0xff, 0xff, 0x0, 0x0, 0x2f,
    0xff, 0xfb, 0x0, 0x0, 0x3, 0xff, 0xff, 0xcf,
    0xff, 0xe0, 0x0, 0x0, 0x1f, 0xff, 0xfc, 0x0,
    0x0, 0xe, 0xff, 0xff, 0x0, 0x0, 0x7, 0xff,
    0xfe, 0x5f, 0xff, 0xf2, 0x0, 0x0, 0x5f, 0xff,
    0xf8, 0x0, 0x0, 0xa, 0xff, 0xff, 0x20, 0x0,
    0xb, 0xff, 0xfa, 0x1f, 0xff, 0xf6, 0x0, 0x0,
    0x8f, 0xff, 0xf4, 0x0, 0x0, 0x6, 0xff, 0xff,
    0x60, 0x0, 0xf, 0xff, 0xf6, 0xc, 0xff, 0xfa,
    0x0, 0x0, 0xcf, 0xff, 0xf0, 0x0, 0x0, 0x2,
    0xff, 0xff, 0x90, 0x0, 0x3f, 0xff, 0xf2, 0x8,
    0xff, 0xfe, 0x0, 0x0, 0xff, 0xff, 0xb0, 0x0,
    0x0, 0x0, 0xef, 0xff, 0xd0, 0x0, 0x7f, 0xff,
    0xe0, 0x4, 0xff, 0xff, 0x20, 0x3, 0xff, 0xff,
    0x70, 0x0, 0x0, 0x0, 0xaf, 0xff, 0xf0, 0x0,
    0xbf, 0xff, 0x90, 0x0, 0xff, 0xff, 0x60, 0x6,
    0xff, 0xff, 0x30, 0x0, 0x0, 0x0, 0x5f, 0xff,
    0xf4, 0x0, 0xff, 0xff, 0x50, 0x0, 0xcf, 0xff,
    0xa0, 0xa, 0xff, 0xfe, 0x0, 0x0, 0x0, 0x0,
    0x1f, 0xff, 0xf7, 0x4, 0xff, 0xff, 0x10, 0x0,
    0x8f, 0xff, 0xe0, 0xd, 0xff, 0xfa, 0x0, 0x0,
    0x0, 0x0, 0xd, 0xff, 0xfb, 0x8, 0xff, 0xfd,
    0x0, 0x0, 0x4f, 0xff, 0xf2, 0x1f, 0xff, 0xf6,
    0x0, 0x0, 0x0, 0x0, 0x9, 0xff, 0xfe, 0xc,
    0xff, 0xf9, 0x0, 0x0, 0xf, 0xff, 0xf6, 0x4f,
    0xff, 0xf2, 0x0, 0x0, 0x0, 0x0, 0x5, 0xff,
    0xff, 0x2f, 0xff, 0xf4, 0x0, 0x0, 0xc, 0xff,
    0xfa, 0x8f, 0xff, 0xe0, 0x0, 0x0, 0x0, 0x0,
    0x1, 0xff, 0xff, 0x9f, 0xff, 0xf0, 0x0, 0x0,
    0x8, 0xff, 0xfe, 0xbf, 0xff, 0xa0, 0x0, 0x0,
    0x0, 0x0, 0x0, 0xdf, 0xff, 0xff, 0xff, 0xc0,
    0x0, 0x0, 0x4, 0xff, 0xff, 0xff, 0xff, 0x60,
    0x0, 0x0, 0x0, 0x0, 0x0, 0x9f, 0xff, 0xff,
    0xff, 0x80, 0x0, 0x0, 0x0, 0xff, 0xff, 0xff,
    0xff, 0x10, 0x0, 0x0, 0x0, 0x0, 0x0, 0x5f,
    0xff, 0xff, 0xff, 0x30, 0x0, 0x0, 0x0, 0xcf,
    0xff, 0xff, 0xfd, 0x0, 0x0, 0x0, 0x0, 0x0,
    0x0, 0x1f, 0xff, 0xff, 0xff, 0x0, 0x0, 0x0,
    0x0, 0x7f, 0xff, 0xff, 0xf9, 0x0, 0x0, 0x0,
    0x0, 0x0, 0x0, 0xd, 0xff, 0xff, 0xfb, 0x0,
    0x0, 0x0, 0x0, 0x3f, 0xff, 0xff, 0xf5, 0x0,
    0x0, 0x0, 0x0, 0x0, 0x0, 0x9, 0xff, 0xff,
    0xf7, 0x0, 0x0, 0x0, 0x0, 0xf, 0xff, 0xff,
    0xf1, 0x0, 0x0, 0x0,

    /* U+0058 "X" */
    0x9f, 0xff, 0xfe, 0x10, 0x0, 0x0, 0x0, 0x0,
    0xef, 0xff, 0xf7, 0x1e, 0xff, 0xff, 0xa0, 0x0,
    0x0, 0x0, 0x8, 0xff, 0xff, 0xd0, 0x5, 0xff,
    0xff, 0xf4, 0x0, 0x0, 0x0, 0x2f, 0xff, 0xff,
    0x40, 0x0, 0xbf, 0xff, 0xfd, 0x0, 0x0, 0x0,
    0xbf, 0xff, 0xfa, 0x0, 0x0, 0x2f, 0xff, 0xff,
    0x80, 0x0, 0x4, 0xff, 0xff, 0xf1, 0x0, 0x0,
    0x7, 0xff, 0xff, 0xf2, 0x0, 0xd, 0xff, 0xff,
    0x70, 0x0, 0x0, 0x0, 0xdf, 0xff, 0xfc, 0x0,
    0x6f, 0xff, 0xfd, 0x0, 0x0, 0x0, 0x0, 0x3f,
    0xff, 0xff, 0x60, 0xef, 0xff, 0xf4, 0x0, 0x0,
    0x0, 0x0, 0x9, 0xff, 0xff, 0xe9, 0xff, 0xff,
    0xa0, 0x0, 0x0, 0x0, 0x0, 0x0, 0xef, 0xff,
    0xff, 0xff, 0xff, 0x10, 0x0, 0x0, 0x0, 0x0,
    0x0, 0x5f, 0xff, 0xff, 0xff, 0xf6, 0x0, 0x0,
    0x0, 0x0, 0x0, 0x0, 0xa, 0xff, 0xff, 0xff,
    0xd0, 0x0, 0x0, 0x0, 0x0, 0x0, 0x0, 0x1,
    0xff, 0xff, 0xff, 0x30, 0x0, 0x0, 0x0, 0x0,
    0x0, 0x0, 0x4, 0xff, 0xff, 0xff, 0x30, 0x0,
    0x0, 0x0, 0x0, 0x0, 0x0, 0xd, 0xff, 0xff,
    0xff, 0xc0, 0x0, 0x0, 0x0, 0x0, 0x0, 0x0,
    0x7f, 0xff, 0xff, 0xff, 0xf7, 0x0, 0x0, 0x0,
    0x0, 0x0, 0x1, 0xff, 0xff, 0xff, 0xff, 0xff,
    0x10, 0x0, 0x0, 0x0, 0x0, 0xb, 0xff, 0xff,
    0x8d, 0xff, 0xff, 0xb0, 0x0, 0x0, 0x0, 0x0,
    0x4f, 0xff, 0xfe, 0x3, 0xff, 0xff, 0xf5, 0x0,
    0x0, 0x0, 0x0, 0xdf, 0xff, 0xf6, 0x0, 0xaf,
    0xff, 0xfe, 0x0, 0x0, 0x0, 0x7, 0xff, 0xff,
    0xc0, 0x0, 0x1e, 0xff, 0xff, 0x90, 0x0, 0x0,
    0x2f, 0xff, 0xff, 0x40, 0x0, 0x6, 0xff, 0xff,
    0xf3, 0x0, 0x0, 0xbf, 0xff, 0xfa, 0x0, 0x0,
    0x0, 0xcf, 0xff, 0xfc, 0x0, 0x4, 0xff, 0xff,
    0xf2, 0x0, 0x0, 0x0, 0x2f, 0xff, 0xff, 0x70,
    0xd, 0xff, 0xff, 0x80, 0x0, 0x0, 0x0, 0x8,
    0xff, 0xff, 0xf1, 0x8f, 0xff, 0xfe, 0x10, 0x0,
    0x0, 0x0, 0x0, 0xef, 0xff, 0xfb,

    /* U+0059 "Y" */
    0x3f, 0xff, 0xff, 0x30, 0x0, 0x0, 0x0, 0x0,
    0x5f, 0xff, 0xff, 0x20, 0xbf, 0xff, 0xfb, 0x0,
    0x0, 0x0, 0x0, 0xc, 0xff, 0xff, 0x90, 0x3,
    0xff, 0xff, 0xf2, 0x0, 0x0, 0x0, 0x4, 0xff,
    0xff, 0xf1, 0x0, 0xb, 0xff, 0xff, 0xa0, 0x0,
    0x0, 0x0, 0xbf, 0xff, 0xf9, 0x0, 0x0, 0x3f,
    0xff, 0xff, 0x10, 0x0, 0x0, 0x2f, 0xff, 0xff,
    0x10, 0x0, 0x0, 0xbf, 0xff, 0xf8, 0x0, 0x0,
    0xa, 0xff, 0xff, 0x90, 0x0, 0x0, 0x3, 0xff,
    0xff, 0xf1, 0x0, 0x1, 0xff, 0xff, 0xf1, 0x0,
    0x0, 0x0, 0xb, 0xff, 0xff, 0x70, 0x0, 0x8f,
    0xff, 0xf9, 0x0, 0x0, 0x0, 0x0, 0x3f, 0xff,
    0xfe, 0x0, 0x1f, 0xff, 0xff, 0x10, 0x0, 0x0,
    0x0, 0x0, 0xbf, 0xff, 0xf6, 0x7, 0xff, 0xff,
    0x90, 0x0, 0x0, 0x0, 0x0, 0x3, 0xff, 0xff,
    0xd0, 0xef, 0xff, 0xf1, 0x0, 0x0, 0x0, 0x0,
    0x0, 0xb, 0xff, 0xff, 0xbf, 0xff, 0xf8, 0x0,
    0x0, 0x0, 0x0, 0x0, 0x0, 0x3f, 0xff, 0xff,
    0xff, 0xff, 0x10, 0x0, 0x0, 0x0, 0x0, 0x0,
    0x0, 0xbf, 0xff, 0xff, 0xff, 0x80, 0x0, 0x0,
    0x0, 0x0, 0x0, 0x0, 0x3, 0xff, 0xff, 0xff,
    0xf1, 0x0, 0x0, 0x0, 0x0, 0x0, 0x0, 0x0,
    0xa, 0xff, 0xff, 0xf8, 0x0, 0x0, 0x0, 0x0,
    0x0, 0x0, 0x0, 0x0, 0x2f, 0xff, 0xff, 0x10,
    0x0, 0x0, 0x0, 0x0, 0x0, 0x0, 0x0, 0x0,
    0xff, 0xff, 0xd0, 0x0, 0x0, 0x0, 0x0, 0x0,
    0x0, 0x0, 0x0, 0xf, 0xff, 0xfd, 0x0, 0x0,
    0x0, 0x0, 0x0, 0x0, 0x0, 0x0, 0x0, 0xff,
    0xff, 0xd0, 0x0, 0x0, 0x0, 0x0, 0x0, 0x0,
    0x0, 0x0, 0xf, 0xff, 0xfd, 0x0, 0x0, 0x0,
    0x0, 0x0, 0x0, 0x0, 0x0, 0x0, 0xff, 0xff,
    0xd0, 0x0, 0x0, 0x0, 0x0, 0x0, 0x0, 0x0,
    0x0, 0xf, 0xff, 0xfd, 0x0, 0x0, 0x0, 0x0,
    0x0, 0x0, 0x0, 0x0, 0x0, 0xff, 0xff, 0xd0,
    0x0, 0x0, 0x0, 0x0, 0x0, 0x0, 0x0, 0x0,
    0xf, 0xff, 0xfd, 0x0, 0x0, 0x0, 0x0, 0x0,
    0x0, 0x0, 0x0, 0x0, 0xff, 0xff, 0xd0, 0x0,
    0x0, 0x0, 0x0,

    /* U+005A "Z" */
    0x2f, 0xff, 0xff, 0xff, 0xff, 0xff, 0xff, 0xff,
    0xff, 0x2, 0xff, 0xff, 0xff, 0xff, 0xff, 0xff,
    0xff, 0xff, 0xf0, 0x2f, 0xff, 0xff, 0xff, 0xff,
    0xff, 0xff, 0xff, 0xff, 0x2, 0xff, 0xff, 0xff,
    0xff, 0xff, 0xff, 0xff, 0xff, 0xf0, 0x1, 0x11,
    0x11, 0x11, 0x11, 0x12, 0xef, 0xff, 0xf8, 0x0,
    0x0, 0x0, 0x0, 0x0, 0x0, 0x8f, 0xff, 0xfd,
    0x0, 0x0, 0x0, 0x0, 0x0, 0x0, 0x2f, 0xff,
    0xff, 0x30, 0x0, 0x0, 0x0, 0x0, 0x0, 0xc,
    0xff, 0xff, 0x90, 0x0, 0x0, 0x0, 0x0, 0x0,
    0x7, 0xff, 0xff, 0xe0, 0x0, 0x0, 0x0, 0x0,
    0x0, 0x1, 0xff, 0xff, 0xf4, 0x0, 0x0, 0x0,
    0x0, 0x0, 0x0, 0xbf, 0xff, 0xfa, 0x0, 0x0,
    0x0, 0x0, 0x0, 0x0, 0x5f, 0xff, 0xfe, 0x10,
    0x0, 0x0, 0x0, 0x0, 0x0, 0x1e, 0xff, 0xff,
    0x50, 0x0, 0x0, 0x0, 0x0, 0x0, 0xa, 0xff,
    0xff, 0xb0, 0x0, 0x0, 0x0, 0x0, 0x0, 0x4,
    0xff, 0xff, 0xf1, 0x0, 0x0, 0x0, 0x0, 0x0,
    0x0, 0xef, 0xff, 0xf6, 0x0, 0x0, 0x0, 0x0,
    0x0, 0x0, 0x9f, 0xff, 0xfc, 0x0, 0x0, 0x0,
    0x0, 0x0, 0x0, 0x3f, 0xff, 0xff, 0x20, 0x0,
    0x0, 0x0, 0x0, 0x0, 0xd, 0xff, 0xff, 0x70,
    0x0, 0x0, 0x0, 0x0, 0x0, 0x8, 0xff, 0xff,
    0xd0, 0x0, 0x0, 0x0, 0x0, 0x0, 0x2, 0xff,
    0xff, 0xf3, 0x0, 0x0, 0x0, 0x0, 0x0, 0x0,
    0xcf, 0xff, 0xfa, 0x22, 0x22, 0x22, 0x22, 0x22,
    0x20, 0x3f, 0xff, 0xff, 0xff, 0xff, 0xff, 0xff,
    0xff, 0xff, 0x3, 0xff, 0xff, 0xff, 0xff, 0xff,
    0xff, 0xff, 0xff, 0xf0, 0x3f, 0xff, 0xff, 0xff,
    0xff, 0xff, 0xff, 0xff, 0xff, 0x3, 0xff, 0xff,
    0xff, 0xff, 0xff, 0xff, 0xff, 0xff, 0xf0,

    /* U+005B "[" */
    0x0, 0x0, 0x0, 0x0, 0x0, 0x8f, 0xff, 0xff,
    0xff, 0xf9, 0x8f, 0xff, 0xff, 0xff, 0xf9, 0x8f,
    0xff, 0xff, 0xff, 0xf9, 0x8f, 0xff, 0xff, 0xff,
    0xf9, 0x8f, 0xff, 0xf0, 0x0, 0x0, 0x8f, 0xff,
    0xf0, 0x0, 0x0, 0x8f, 0xff, 0xf0, 0x0, 0x0,
    0x8f, 0xff, 0xf0, 0x0, 0x0, 0x8f, 0xff, 0xf0,
    0x0, 0x0, 0x8f, 0xff, 0xf0, 0x0, 0x0, 0x8f,
    0xff, 0xf0, 0x0, 0x0, 0x8f, 0xff, 0xf0, 0x0,
    0x0, 0x8f, 0xff, 0xf0, 0x0, 0x0, 0x8f, 0xff,
    0xf0, 0x0, 0x0, 0x8f, 0xff, 0xf0, 0x0, 0x0,
    0x8f, 0xff, 0xf0, 0x0, 0x0, 0x8f, 0xff, 0xf0,
    0x0, 0x0, 0x8f, 0xff, 0xf0, 0x0, 0x0, 0x8f,
    0xff, 0xf0, 0x0, 0x0, 0x8f, 0xff, 0xf0, 0x0,
    0x0, 0x8f, 0xff, 0xf0, 0x0, 0x0, 0x8f, 0xff,
    0xf0, 0x0, 0x0, 0x8f, 0xff, 0xf0, 0x0, 0x0,
    0x8f, 0xff, 0xf0, 0x0, 0x0, 0x8f, 0xff, 0xf0,
    0x0, 0x0, 0x8f, 0xff, 0xf0, 0x0, 0x0, 0x8f,
    0xff, 0xf0, 0x0, 0x0, 0x8f, 0xff, 0xf0, 0x0,
    0x0, 0x8f, 0xff, 0xf0, 0x0, 0x0, 0x8f, 0xff,
    0xf0, 0x0, 0x0, 0x8f, 0xff, 0xf0, 0x0, 0x0,
    0x8f, 0xff, 0xf1, 0x11, 0x10, 0x8f, 0xff, 0xff,
    0xff, 0xf9, 0x8f, 0xff, 0xff, 0xff, 0xf9, 0x8f,
    0xff, 0xff, 0xff, 0xf9, 0x8f, 0xff, 0xff, 0xff,
    0xf9,

    /* U+005C "\\" */
    0xf, 0xff, 0xfa, 0x0, 0x0, 0x0, 0x0, 0x0,
    0xcf, 0xff, 0xf0, 0x0, 0x0, 0x0, 0x0, 0x7,
    0xff, 0xff, 0x30, 0x0, 0x0, 0x0, 0x0, 0x3f,
    0xff, 0xf8, 0x0, 0x0, 0x0, 0x0, 0x0, 0xef,
    0xff, 0xc0, 0x0, 0x0, 0x0, 0x0, 0xa, 0xff,
    0xff, 0x0, 0x0, 0x0, 0x0, 0x0, 0x6f, 0xff,
    0xf5, 0x0, 0x0, 0x0, 0x0, 0x2, 0xff, 0xff,
    0x90, 0x0, 0x0, 0x0, 0x0, 0xd, 0xff, 0xfd,
    0x0, 0x0, 0x0, 0x0, 0x0, 0x9f, 0xff, 0xf2,
    0x0, 0x0, 0x0, 0x0, 0x4, 0xff, 0xff, 0x60,
    0x0, 0x0, 0x0, 0x0, 0xf, 0xff, 0xfa, 0x0,
    0x0, 0x0, 0x0, 0x0, 0xcf, 0xff, 0xf0, 0x0,
    0x0, 0x0, 0x0, 0x7, 0xff, 0xff, 0x30, 0x0,
    0x0, 0x0, 0x0, 0x3f, 0xff, 0xf8, 0x0, 0x0,
    0x0, 0x0, 0x0, 0xef, 0xff, 0xc0, 0x0, 0x0,
    0x0, 0x0, 0xa, 0xff, 0xff, 0x0, 0x0, 0x0,
    0x0, 0x0, 0x6f, 0xff, 0xf5, 0x0, 0x0, 0x0,
    0x0, 0x2, 0xff, 0xff, 0x90, 0x0, 0x0, 0x0,
    0x0, 0xd, 0xff, 0xfd, 0x0, 0x0, 0x0, 0x0,
    0x0, 0x9f, 0xff, 0xf2, 0x0, 0x0, 0x0, 0x0,
    0x4, 0xff, 0xff, 0x60, 0x0, 0x0, 0x0, 0x0,
    0xf, 0xff, 0xfa, 0x0, 0x0, 0x0, 0x0, 0x0,
    0xcf, 0xff, 0xf0, 0x0, 0x0, 0x0, 0x0, 0x7,
    0xff, 0xff, 0x30, 0x0, 0x0, 0x0, 0x0, 0x3f,
    0xff, 0xf8, 0x0, 0x0, 0x0, 0x0, 0x0, 0xef,
    0xff, 0xc0, 0x0, 0x0, 0x0, 0x0, 0xa, 0xff,
    0xff, 0x0, 0x0, 0x0, 0x0, 0x0, 0x6f, 0xff,
    0xf5, 0x0, 0x0, 0x0, 0x0, 0x2, 0xff, 0xff,
    0x90, 0x0, 0x0, 0x0, 0x0, 0xd, 0xff, 0xfd,
    0x0, 0x0, 0x0, 0x0, 0x0, 0x9f, 0xff, 0xf2,
    0x0, 0x0, 0x0, 0x0, 0x4, 0xff, 0xff, 0x60,

    /* U+005D "]" */
    0x0, 0x0, 0x0, 0x0, 0x0, 0x0, 0xff, 0xff,
    0xff, 0xff, 0xf1, 0xf, 0xff, 0xff, 0xff, 0xff,
    0x10, 0xff, 0xff, 0xff, 0xff, 0xf1, 0xf, 0xff,
    0xff, 0xff, 0xff, 0x10, 0x0, 0x0, 0x7f, 0xff,
    0xf1, 0x0, 0x0, 0x7, 0xff, 0xff, 0x10, 0x0,
    0x0, 0x7f, 0xff, 0xf1, 0x0, 0x0, 0x7, 0xff,
    0xff, 0x10, 0x0, 0x0, 0x7f, 0xff, 0xf1, 0x0,
    0x0, 0x7, 0xff, 0xff, 0x10, 0x0, 0x0, 0x7f,
    0xff, 0xf1, 0x0, 0x0, 0x7, 0xff, 0xff, 0x10,
    0x0, 0x0, 0x7f, 0xff, 0xf1, 0x0, 0x0, 0x7,
    0xff, 0xff, 0x10, 0x0, 0x0, 0x7f, 0xff, 0xf1,
    0x0, 0x0, 0x7, 0xff, 0xff, 0x10, 0x0, 0x0,
    0x7f, 0xff, 0xf1, 0x0, 0x0, 0x7, 0xff, 0xff,
    0x10, 0x0, 0x0, 0x7f, 0xff, 0xf1, 0x0, 0x0,
    0x7, 0xff, 0xff, 0x10, 0x0, 0x0, 0x7f, 0xff,
    0xf1, 0x0, 0x0, 0x7, 0xff, 0xff, 0x10, 0x0,
    0x0, 0x7f, 0xff, 0xf1, 0x0, 0x0, 0x7, 0xff,
    0xff, 0x10, 0x0, 0x0, 0x7f, 0xff, 0xf1, 0x0,
    0x0, 0x7, 0xff, 0xff, 0x10, 0x0, 0x0, 0x7f,
    0xff, 0xf1, 0x0, 0x0, 0x7, 0xff, 0xff, 0x10,
    0x0, 0x0, 0x7f, 0xff, 0xf1, 0x0, 0x0, 0x7,
    0xff, 0xff, 0x10, 0x0, 0x0, 0x7f, 0xff, 0xf1,
    0x1, 0x11, 0x17, 0xff, 0xff, 0x10, 0xff, 0xff,
    0xff, 0xff, 0xf1, 0xf, 0xff, 0xff, 0xff, 0xff,
    0x10, 0xff, 0xff, 0xff, 0xff, 0xf1, 0xf, 0xff,
    0xff, 0xff, 0xff, 0x10,

    /* U+005E "^" */
    0x0, 0x0, 0x0, 0x0, 0x28, 0x88, 0x85, 0x0,
    0x0, 0x0, 0x0, 0x0, 0x0, 0x0, 0x0, 0x9,
    0xff, 0xff, 0xe0, 0x0, 0x0, 0x0, 0x0, 0x0,
    0x0, 0x0, 0x1, 0xff, 0xff, 0xff, 0x70, 0x0,
    0x0, 0x0, 0x0, 0x0, 0x0, 0x0, 0x8f, 0xff,
    0xff, 0xfe, 0x0, 0x0, 0x0, 0x0, 0x0, 0x0,
    0x0, 0xf, 0xff, 0xff, 0xff, 0xf5, 0x0, 0x0,
    0x0, 0x0, 0x0, 0x0, 0x7, 0xff, 0xff, 0xff,
    0xff, 0xd0, 0x0, 0x0, 0x0, 0x0, 0x0, 0x0,
    0xef, 0xff, 0xfb, 0xff, 0xff, 0x40, 0x0, 0x0,
    0x0, 0x0, 0x0, 0x6f, 0xff, 0xf8, 0x2f, 0xff,
    0xfc, 0x0, 0x0, 0x0, 0x0, 0x0, 0xd, 0xff,
    0xff, 0x10, 0xbf, 0xff, 0xf3, 0x0, 0x0, 0x0,
    0x0, 0x5, 0xff, 0xff, 0x90, 0x3, 0xff, 0xff,
    0xb0, 0x0, 0x0, 0x0, 0x0, 0xcf, 0xff, 0xf2,
    0x0, 0xc, 0xff, 0xff, 0x20, 0x0, 0x0, 0x0,
    0x4f, 0xff, 0xfa, 0x0, 0x0, 0x4f, 0xff, 0xf9,
    0x0, 0x0, 0x0, 0xb, 0xff, 0xff, 0x30, 0x0,
    0x0, 0xdf, 0xff, 0xf1, 0x0, 0x0, 0x2, 0xff,
    0xff, 0xb0, 0x0, 0x0, 0x5, 0xff, 0xff, 0x80,
    0x0, 0x0, 0xaf, 0xff, 0xf4, 0x0, 0x0, 0x0,
    0xd, 0xff, 0xff, 0x10, 0x0, 0x2f, 0xff, 0xfc,
    0x0, 0x0, 0x0, 0x0, 0x6f, 0xff, 0xf7, 0x0,
    0x9, 0xff, 0xff, 0x50, 0x0, 0x0, 0x0, 0x0,
    0xef, 0xff, 0xe0, 0x1, 0xff, 0xff, 0xd0, 0x0,
    0x0, 0x0, 0x0, 0x7, 0xff, 0xff, 0x60, 0x8f,
    0xff, 0xf6, 0x0, 0x0, 0x0, 0x0, 0x0, 0x1f,
    0xff, 0xfd, 0x0,

    /* U+005F "_" */
    0x2c, 0xcc, 0xcc, 0xcc, 0xcc, 0xcc, 0xcc, 0xcc,
    0xcc, 0xcc, 0xc3, 0x3f, 0xff, 0xff, 0xff, 0xff,
    0xff, 0xff, 0xff, 0xff, 0xff, 0xf5, 0x3f, 0xff,
    0xff, 0xff, 0xff, 0xff, 0xff, 0xff, 0xff, 0xff,
    0xf5, 0x3f, 0xff, 0xff, 0xff, 0xff, 0xff, 0xff,
    0xff, 0xff, 0xff, 0xf5, 0x3f, 0xff, 0xff, 0xff,
    0xff, 0xff, 0xff, 0xff, 0xff, 0xff, 0xf5,

    /* U+0060 "`" */
    0x0, 0x0, 0x0, 0x0, 0x7, 0x70, 0x0, 0x0,
    0x0, 0xaf, 0xd4, 0x0, 0x0, 0xd, 0xff, 0xfb,
    0x20, 0x0, 0xef, 0xff, 0xff, 0x80, 0x1, 0x8f,
    0xff, 0xff, 0xe3, 0x0, 0x19, 0xff, 0xff, 0x50,
    0x0, 0x1, 0x9f, 0xf2, 0x0, 0x0, 0x0, 0x29,
    0x0,

    /* U+0061 "a" */
    0x0, 0x0, 0x2, 0x7c, 0xef, 0xed, 0x94, 0x0,
    0x0, 0x0, 0x0, 0x9f, 0xff, 0xff, 0xff, 0xff,
    0xc2, 0x0, 0x0, 0xc, 0xff, 0xff, 0xff, 0xff,
    0xff, 0xff, 0x30, 0x0, 0x9f, 0xff, 0xff, 0xff,
    0xff, 0xff, 0xff, 0xe0, 0x2, 0xff, 0xff, 0xf8,
    0x31, 0x27, 0xff, 0xff, 0xf6, 0x6, 0xff, 0xff,
    0x70, 0x0, 0x0, 0x7f, 0xff, 0xfb, 0x3, 0x66,
    0x66, 0x10, 0x0, 0x0, 0x1f, 0xff, 0xfd, 0x0,
    0x0, 0x0, 0x0, 0x11, 0x11, 0x1f, 0xff, 0xfe,
    0x0, 0x0, 0x6b, 0xef, 0xff, 0xff, 0xff, 0xff,
    0xff, 0x0, 0x3e, 0xff, 0xff, 0xff, 0xff, 0xff,
    0xff, 0xff, 0x2, 0xff, 0xff, 0xff, 0xff, 0xff,
    0xff, 0xff, 0xff, 0xb, 0xff, 0xff, 0xc3, 0x0,
    0x0, 0x4f, 0xff, 0xff, 0xf, 0xff, 0xff, 0x10,
    0x0, 0x0, 0x8f, 0xff, 0xff, 0x1f, 0xff, 0xff,
    0x0, 0x0, 0x2, 0xff, 0xff, 0xff, 0xf, 0xff,
    0xff, 0x90, 0x0, 0x4e, 0xff, 0xff, 0xff, 0xb,
    0xff, 0xff, 0xff, 0xde, 0xff, 0xff, 0xff, 0xff,
    0x4, 0xff, 0xff, 0xff, 0xff, 0xff, 0xc9, 0xff,
    0xff, 0x0, 0x5f, 0xff, 0xff, 0xff, 0xfc, 0x16,
    0xff, 0xff, 0x0, 0x2, 0x8c, 0xef, 0xeb, 0x50,
    0x4, 0xff, 0xff,

    /* U+0062 "b" */
    0xaf, 0xff, 0xf3, 0x0, 0x0, 0x0, 0x0, 0x0,
    0x0, 0x0, 0xaf, 0xff, 0xf3, 0x0, 0x0, 0x0,
    0x0, 0x0, 0x0, 0x0, 0xaf, 0xff, 0xf3, 0x0,
    0x0, 0x0, 0x0, 0x0, 0x0, 0x0, 0xaf, 0xff,
    0xf3, 0x0, 0x0, 0x0, 0x0, 0x0, 0x0, 0x0,
    0xaf, 0xff, 0xf3, 0x0, 0x0, 0x0, 0x0, 0x0,
    0x0, 0x0, 0xaf, 0xff, 0xf3, 0x0, 0x0, 0x0,
    0x0, 0x0, 0x0, 0x0, 0xaf, 0xff, 0xf3, 0x0,
    0x0, 0x0, 0x0, 0x0, 0x0, 0x0, 0xaf, 0xff,
    0xf3, 0x0, 0x0, 0x0, 0x0, 0x0, 0x0, 0x0,
    0xaf, 0xff, 0xf3, 0x1, 0x8d, 0xef, 0xda, 0x40,
    0x0, 0x0, 0xaf, 0xff, 0xf3, 0x5f, 0xff, 0xff,
    0xff, 0xfb, 0x10, 0x0, 0xaf, 0xff, 0xf9, 0xff,
    0xff, 0xff, 0xff, 0xff, 0xd2, 0x0, 0xaf, 0xff,
    0xff, 0xff, 0xff, 0xff, 0xff, 0xff, 0xfd, 0x0,
    0xaf, 0xff, 0xff, 0xff, 0x96, 0x69, 0xff, 0xff,
    0xff, 0x80, 0xaf, 0xff, 0xff, 0xc1, 0x0, 0x0,
    0x1c, 0xff, 0xff, 0xf1, 0xaf, 0xff, 0xfe, 0x10,
    0x0, 0x0, 0x1, 0xef, 0xff, 0xf5, 0xaf, 0xff,
    0xf7, 0x0, 0x0, 0x0, 0x0, 0x8f, 0xff, 0xf9,
    0xaf, 0xff, 0xf3, 0x0, 0x0, 0x0, 0x0, 0x4f,
    0xff, 0xfb, 0xaf, 0xff, 0xf1, 0x0, 0x0, 0x0,
    0x0, 0x3f, 0xff, 0xfc, 0xaf, 0xff, 0xf3, 0x0,
    0x0, 0x0, 0x0, 0x4f, 0xff, 0xfb, 0xaf, 0xff,
    0xf7, 0x0, 0x0, 0x0, 0x0, 0x8f, 0xff, 0xf9,
    0xaf, 0xff, 0xfe, 0x0, 0x0, 0x0, 0x1, 0xef,
    0xff, 0xf5, 0xaf, 0xff, 0xff, 0xb1, 0x0, 0x0,
    0x1c, 0xff, 0xff, 0xf1, 0xaf, 0xff, 0xff, 0xfe,
    0x96, 0x69, 0xff, 0xff, 0xff, 0x80, 0xaf, 0xff,
    0xff, 0xff, 0xff, 0xff, 0xff, 0xff, 0xfd, 0x0,
    0xaf, 0xff, 0xfc, 0xff, 0xff, 0xff, 0xff, 0xff,
    0xe2, 0x0, 0xaf, 0xff, 0xf0, 0x9f, 0xff, 0xff,
    0xff, 0xfc, 0x10, 0x0, 0xaf, 0xff, 0xc0, 0x2,
    0x9d, 0xff, 0xea, 0x50, 0x0, 0x0,

    /* U+0063 "c" */
    0x0, 0x0, 0x0, 0x5a, 0xdf, 0xfe, 0xb7, 0x10,
    0x0, 0x0, 0x0, 0x0, 0x2d, 0xff, 0xff, 0xff,
    0xff, 0xf7, 0x0, 0x0, 0x0, 0x5, 0xff, 0xff,
    0xff, 0xff, 0xff, 0xff, 0xb0, 0x0, 0x0, 0x3f,
    0xff, 0xff, 0xff, 0xff, 0xff, 0xff, 0xf9, 0x0,
    0x0, 0xdf, 0xff, 0xff, 0x95, 0x58, 0xef, 0xff,
    0xff, 0x30, 0x6, 0xff, 0xff, 0xf3, 0x0, 0x0,
    0x1d, 0xff, 0xff, 0xa0, 0xc, 0xff, 0xff, 0x70,
    0x0, 0x0, 0x4, 0xee, 0xee, 0xd0, 0xf, 0xff,
    0xff, 0x10, 0x0, 0x0, 0x0, 0x0, 0x0, 0x0,
    0x2f, 0xff, 0xfd, 0x0, 0x0, 0x0, 0x0, 0x0,
    0x0, 0x0, 0x3f, 0xff, 0xfc, 0x0, 0x0, 0x0,
    0x0, 0x0, 0x0, 0x0, 0x2f, 0xff, 0xfd, 0x0,
    0x0, 0x0, 0x0, 0x0, 0x0, 0x0, 0xf, 0xff,
    0xff, 0x0, 0x0, 0x0, 0x0, 0x0, 0x0, 0x0,
    0xc, 0xff, 0xff, 0x70, 0x0, 0x0, 0x3, 0xee,
    0xee, 0xc0, 0x7, 0xff, 0xff, 0xf3, 0x0, 0x0,
    0xc, 0xff, 0xff, 0xa0, 0x0, 0xef, 0xff, 0xff,
    0x84, 0x47, 0xef, 0xff, 0xff, 0x30, 0x0, 0x3f,
    0xff, 0xff, 0xff, 0xff, 0xff, 0xff, 0xf8, 0x0,
    0x0, 0x6, 0xff, 0xff, 0xff, 0xff, 0xff, 0xff,
    0xa0, 0x0, 0x0, 0x0, 0x3d, 0xff, 0xff, 0xff,
    0xff, 0xf7, 0x0, 0x0, 0x0, 0x0, 0x0, 0x5a,
    0xdf, 0xfe, 0xb7, 0x10, 0x0, 0x0,

    /* U+0064 "d" */
    0x0, 0x0, 0x0, 0x0, 0x0, 0x0, 0x0, 0xa,
    0xff, 0xff, 0x30, 0x0, 0x0, 0x0, 0x0, 0x0,
    0x0, 0x0, 0xaf, 0xff, 0xf3, 0x0, 0x0, 0x0,
    0x0, 0x0, 0x0, 0x0, 0xa, 0xff, 0xff, 0x30,
    0x0, 0x0, 0x0, 0x0, 0x0, 0x0, 0x0, 0xaf,
    0xff, 0xf3, 0x0, 0x0, 0x0, 0x0, 0x0, 0x0,
    0x0, 0xa, 0xff, 0xff, 0x30, 0x0, 0x0, 0x0,
    0x0, 0x0, 0x0, 0x0, 0xaf, 0xff, 0xf3, 0x0,
    0x0, 0x0, 0x0, 0x0, 0x0, 0x0, 0xa, 0xff,
    0xff, 0x30, 0x0, 0x0, 0x0, 0x0, 0x0, 0x0,
    0x0, 0xaf, 0xff, 0xf3, 0x0, 0x0, 0x0, 0x7b,
    0xef, 0xec, 0x60, 0xa, 0xff, 0xff, 0x30, 0x0,
    0x4, 0xef, 0xff, 0xff, 0xff, 0xd3, 0xaf, 0xff,
    0xf3, 0x0, 0x7, 0xff, 0xff, 0xff, 0xff, 0xff,
    0xec, 0xff, 0xff, 0x30, 0x4, 0xff, 0xff, 0xff,
    0xff, 0xff, 0xff, 0xff, 0xff, 0xf3, 0x1, 0xef,
    0xff, 0xff, 0xd7, 0x67, 0xbf, 0xff, 0xff, 0xff,
    0x30, 0x7f, 0xff, 0xff, 0x70, 0x0, 0x0, 0x4f,
    0xff, 0xff, 0xf3, 0xc, 0xff, 0xff, 0x90, 0x0,
    0x0, 0x0, 0x6f, 0xff, 0xff, 0x30, 0xff, 0xff,
    0xf1, 0x0, 0x0, 0x0, 0x0, 0xef, 0xff, 0xf3,
    0x2f, 0xff, 0xfd, 0x0, 0x0, 0x0, 0x0, 0xa,
    0xff, 0xff, 0x33, 0xff, 0xff, 0xc0, 0x0, 0x0,
    0x0, 0x0, 0x9f, 0xff, 0xf3, 0x2f, 0xff, 0xfd,
    0x0, 0x0, 0x0, 0x0, 0xa, 0xff, 0xff, 0x30,
    0xff, 0xff, 0xf1, 0x0, 0x0, 0x0, 0x0, 0xef,
    0xff, 0xf3, 0xc, 0xff, 0xff, 0x90, 0x0, 0x0,
    0x0, 0x6f, 0xff, 0xff, 0x30, 0x7f, 0xff, 0xff,
    0x70, 0x0, 0x0, 0x4f, 0xff, 0xff, 0xf3, 0x1,
    0xef, 0xff, 0xff, 0xd7, 0x57, 0xbf, 0xff, 0xff,
    0xff, 0x30, 0x5, 0xff, 0xff, 0xff, 0xff, 0xff,
    0xff, 0xff, 0xff, 0xf3, 0x0, 0x8, 0xff, 0xff,
    0xff, 0xff, 0xff, 0xeb, 0xff, 0xff, 0x30, 0x0,
    0x6, 0xff, 0xff, 0xff, 0xff, 0xd2, 0x6f, 0xff,
    0xf3, 0x0, 0x0, 0x1, 0x7c, 0xff, 0xec, 0x60,
    0x3, 0xff, 0xff, 0x30,

    /* U+0065 "e" */
    0x0, 0x0, 0x0, 0x5a, 0xdf, 0xfe, 0xb7, 0x10,
    0x0, 0x0, 0x0, 0x0, 0x3d, 0xff, 0xff, 0xff,
    0xff, 0xf5, 0x0, 0x0, 0x0, 0x5, 0xff, 0xff,
    0xff, 0xff, 0xff, 0xff, 0x90, 0x0, 0x0, 0x3f,
    0xff, 0xff, 0xff, 0xff, 0xff, 0xff, 0xf6, 0x0,
    0x0, 0xdf, 0xff, 0xfc, 0x51, 0x14, 0xaf, 0xff,
    0xff, 0x20, 0x6, 0xff, 0xff, 0xb0, 0x0, 0x0,
    0x7, 0xff, 0xff, 0x80, 0xc, 0xff, 0xff, 0x20,
    0x0, 0x0, 0x0, 0xef, 0xff, 0xd0, 0xf, 0xff,
    0xff, 0xff, 0xff, 0xff, 0xff, 0xff, 0xff, 0xf0,
    0x2f, 0xff, 0xff, 0xff, 0xff, 0xff, 0xff, 0xff,
    0xff, 0xf0, 0x3f, 0xff, 0xff, 0xff, 0xff, 0xff,
    0xff, 0xff, 0xff, 0xf0, 0x2f, 0xff, 0xfa, 0x0,
    0x0, 0x0, 0x0, 0x0, 0x0, 0x0, 0xf, 0xff,
    0xfc, 0x0, 0x0, 0x0, 0x0, 0x0, 0x0, 0x0,
    0xd, 0xff, 0xff, 0x10, 0x0, 0x0, 0x3, 0x66,
    0x66, 0x20, 0x8, 0xff, 0xff, 0xb0, 0x0, 0x0,
    0x1e, 0xff, 0xff, 0x30, 0x1, 0xff, 0xff, 0xfc,
    0x51, 0x15, 0xdf, 0xff, 0xfc, 0x0, 0x0, 0x5f,
    0xff, 0xff, 0xff, 0xff, 0xff, 0xff, 0xf2, 0x0,
    0x0, 0x7, 0xff, 0xff, 0xff, 0xff, 0xff, 0xff,
    0x40, 0x0, 0x0, 0x0, 0x4e, 0xff, 0xff, 0xff,
    0xff, 0xc3, 0x0, 0x0, 0x0, 0x0, 0x0, 0x6b,
    0xef, 0xfd, 0xa5, 0x0, 0x0, 0x0,

    /* U+0066 "f" */
    0x0, 0x0, 0x0, 0x7c, 0xef, 0xfb, 0x0, 0x0,
    0x2e, 0xff, 0xff, 0xfb, 0x0, 0x0, 0xdf, 0xff,
    0xff, 0xfb, 0x0, 0x5, 0xff, 0xff, 0xff, 0xfb,
    0x0, 0x9, 0xff, 0xff, 0xc5, 0x32, 0x0, 0xb,
    0xff, 0xff, 0x30, 0x0, 0x0, 0xc, 0xff, 0xff,
    0x10, 0x0, 0x0, 0xc, 0xff, 0xff, 0x10, 0x0,
    0x4f, 0xff, 0xff, 0xff, 0xff, 0xff, 0x4f, 0xff,
    0xff, 0xff, 0xff, 0xff, 0x4f, 0xff, 0xff, 0xff,
    0xff, 0xff, 0x4f, 0xff, 0xff, 0xff, 0xff, 0xff,
    0x2, 0x2f, 0xff, 0xff, 0x32, 0x22, 0x0, 0xc,
    0xff, 0xff, 0x10, 0x0, 0x0, 0xc, 0xff, 0xff,
    0x10, 0x0, 0x0, 0xc, 0xff, 0xff, 0x10, 0x0,
    0x0, 0xc, 0xff, 0xff, 0x10, 0x0, 0x0, 0xc,
    0xff, 0xff, 0x10, 0x0, 0x0, 0xc, 0xff, 0xff,
    0x10, 0x0, 0x0, 0xc, 0xff, 0xff, 0x10, 0x0,
    0x0, 0xc, 0xff, 0xff, 0x10, 0x0, 0x0, 0xc,
    0xff, 0xff, 0x10, 0x0, 0x0, 0xc, 0xff, 0xff,
    0x10, 0x0, 0x0, 0xc, 0xff, 0xff, 0x10, 0x0,
    0x0, 0xc, 0xff, 0xff, 0x10, 0x0, 0x0, 0xc,
    0xff, 0xff, 0x10, 0x0, 0x0, 0xc, 0xff, 0xff,
    0x10, 0x0,

    /* U+0067 "g" */
    0x0, 0x0, 0x2, 0x8d, 0xef, 0xdf, 0xff, 0xff,
    0xff, 0xe0, 0x0, 0x8, 0xff, 0xff, 0xff, 0xff,
    0xff, 0xff, 0xfe, 0x0, 0xa, 0xff, 0xff, 0xff,
    0xff, 0xff, 0xff, 0xff, 0xe0, 0x5, 0xff, 0xff,
    0xff, 0xef, 0xff, 0xff, 0xf8, 0x75, 0x0, 0xcf,
    0xff, 0xe4, 0x0, 0x1a, 0xff, 0xff, 0x20, 0x0,
    0xf, 0xff, 0xf4, 0x0, 0x0, 0xe, 0xff, 0xf5,
    0x0, 0x1, 0xff, 0xff, 0x10, 0x0, 0x0, 0xbf,
    0xff, 0x70, 0x0, 0xf, 0xff, 0xf4, 0x0, 0x0,
    0xe, 0xff, 0xf5, 0x0, 0x0, 0xcf, 0xff, 0xd3,
    0x0, 0x9, 0xff, 0xff, 0x20, 0x0, 0x5, 0xff,
    0xff, 0xfe, 0xdf, 0xff, 0xff, 0xb0, 0x0, 0x0,
    0xa, 0xff, 0xff, 0xff, 0xff, 0xff, 0xe2, 0x0,
    0x0, 0x0, 0x6f, 0xff, 0xff, 0xff, 0xff, 0xd2,
    0x0, 0x0, 0x0, 0x4f, 0xff, 0xff, 0xef, 0xdb,
    0x50, 0x0, 0x0, 0x0, 0x2f, 0xff, 0xf4, 0x0,
    0x0, 0x0, 0x0, 0x0, 0x0, 0x1e, 0xff, 0xff,
    0x84, 0x20, 0x0, 0x0, 0x0, 0x0, 0x3, 0xff,
    0xff, 0xff, 0xff, 0xfe, 0xc9, 0x50, 0x0, 0x0,
    0x6, 0xff, 0xff, 0xff, 0xff, 0xff, 0xff, 0xe5,
    0x0, 0x0, 0xb, 0xff, 0xff, 0xff, 0xff, 0xff,
    0xff, 0xf6, 0x0, 0x7, 0xff, 0xff, 0xff, 0xef,
    0xff, 0xff, 0xff, 0xf0, 0x0, 0xff, 0xff, 0x80,
    0x0, 0x0, 0x3c, 0xff, 0xff, 0x40, 0x5f, 0xff,
    0xf0, 0x0, 0x0, 0x0, 0x2f, 0xff, 0xf6, 0x6,
    0xff, 0xff, 0x10, 0x0, 0x0, 0x2, 0xff, 0xff,
    0x50, 0x4f, 0xff, 0xfc, 0x30, 0x0, 0x2, 0xcf,
    0xff, 0xf1, 0x0, 0xef, 0xff, 0xff, 0xfd, 0xce,
    0xff, 0xff, 0xfa, 0x0, 0x4, 0xff, 0xff, 0xff,
    0xff, 0xff, 0xff, 0xfd, 0x10, 0x0, 0x3, 0xdf,
    0xff, 0xff, 0xff, 0xff, 0xfa, 0x10, 0x0, 0x0,
    0x0, 0x49, 0xce, 0xff, 0xec, 0x83, 0x0, 0x0,
    0x0,

    /* U+0068 "h" */
    0xaf, 0xff, 0xf3, 0x0, 0x0, 0x0, 0x0, 0x0,
    0x0, 0xa, 0xff, 0xff, 0x30, 0x0, 0x0, 0x0,
    0x0, 0x0, 0x0, 0xaf, 0xff, 0xf3, 0x0, 0x0,
    0x0, 0x0, 0x0, 0x0, 0xa, 0xff, 0xff, 0x30,
    0x0, 0x0, 0x0, 0x0, 0x0, 0x0, 0xaf, 0xff,
    0xf3, 0x0, 0x0, 0x0, 0x0, 0x0, 0x0, 0xa,
    0xff, 0xff, 0x30, 0x0, 0x0, 0x0, 0x0, 0x0,
    0x0, 0xaf, 0xff, 0xf3, 0x0, 0x0, 0x0, 0x0,
    0x0, 0x0, 0xa, 0xff, 0xff, 0x30, 0x0, 0x0,
    0x0, 0x0, 0x0, 0x0, 0xaf, 0xff, 0xf3, 0x1,
    0x7c, 0xef, 0xd9, 0x30, 0x0, 0xa, 0xff, 0xff,
    0x34, 0xef, 0xff, 0xff, 0xff, 0x80, 0x0, 0xaf,
    0xff, 0xf7, 0xff, 0xff, 0xff, 0xff, 0xff, 0x70,
    0xa, 0xff, 0xff, 0xff, 0xff, 0xff, 0xff, 0xff,
    0xff, 0x10, 0xaf, 0xff, 0xff, 0xfb, 0x53, 0x5b,
    0xff, 0xff, 0xf7, 0xa, 0xff, 0xff, 0xf8, 0x0,
    0x0, 0xa, 0xff, 0xff, 0xb0, 0xaf, 0xff, 0xfd,
    0x0, 0x0, 0x0, 0x2f, 0xff, 0xfe, 0xa, 0xff,
    0xff, 0x70, 0x0, 0x0, 0x0, 0xef, 0xff, 0xf0,
    0xaf, 0xff, 0xf4, 0x0, 0x0, 0x0, 0xc, 0xff,
    0xff, 0xa, 0xff, 0xff, 0x30, 0x0, 0x0, 0x0,
    0xcf, 0xff, 0xf0, 0xaf, 0xff, 0xf3, 0x0, 0x0,
    0x0, 0xc, 0xff, 0xff, 0xa, 0xff, 0xff, 0x30,
    0x0, 0x0, 0x0, 0xcf, 0xff, 0xf0, 0xaf, 0xff,
    0xf3, 0x0, 0x0, 0x0, 0xc, 0xff, 0xff, 0xa,
    0xff, 0xff, 0x30, 0x0, 0x0, 0x0, 0xcf, 0xff,
    0xf0, 0xaf, 0xff, 0xf3, 0x0, 0x0, 0x0, 0xc,
    0xff, 0xff, 0xa, 0xff, 0xff, 0x30, 0x0, 0x0,
    0x0, 0xcf, 0xff, 0xf0, 0xaf, 0xff, 0xf3, 0x0,
    0x0, 0x0, 0xc, 0xff, 0xff, 0xa, 0xff, 0xff,
    0x30, 0x0, 0x0, 0x0, 0xcf, 0xff, 0xf0, 0xaf,
    0xff, 0xf3, 0x0, 0x0, 0x0, 0xc, 0xff, 0xff,
    0x0,

    /* U+0069 "i" */
    0x1, 0xae, 0xe9, 0x0, 0xbf, 0xff, 0xf9, 0xf,
    0xff, 0xff, 0xe0, 0xef, 0xff, 0xfd, 0x6, 0xff,
    0xff, 0x50, 0x3, 0x88, 0x30, 0x0, 0x0, 0x0,
    0x0, 0x0, 0x0, 0x0, 0x8, 0xff, 0xff, 0x50,
    0x8f, 0xff, 0xf5, 0x8, 0xff, 0xff, 0x50, 0x8f,
    0xff, 0xf5, 0x8, 0xff, 0xff, 0x50, 0x8f, 0xff,
    0xf5, 0x8, 0xff, 0xff, 0x50, 0x8f, 0xff, 0xf5,
    0x8, 0xff, 0xff, 0x50, 0x8f, 0xff, 0xf5, 0x8,
    0xff, 0xff, 0x50, 0x8f, 0xff, 0xf5, 0x8, 0xff,
    0xff, 0x50, 0x8f, 0xff, 0xf5, 0x8, 0xff, 0xff,
    0x50, 0x8f, 0xff, 0xf5, 0x8, 0xff, 0xff, 0x50,
    0x8f, 0xff, 0xf5, 0x8, 0xff, 0xff, 0x50,

    /* U+006A "j" */
    0x0, 0x0, 0x9, 0xee, 0x90, 0x0, 0x0, 0x9f,
    0xff, 0xf9, 0x0, 0x0, 0xef, 0xff, 0xfe, 0x0,
    0x0, 0xdf, 0xff, 0xfd, 0x0, 0x0, 0x5f, 0xff,
    0xf5, 0x0, 0x0, 0x3, 0x88, 0x30, 0x0, 0x0,
    0x0, 0x0, 0x0, 0x0, 0x0, 0x0, 0x0, 0x0,
    0x0, 0x0, 0x7f, 0xff, 0xf6, 0x0, 0x0, 0x7f,
    0xff, 0xf6, 0x0, 0x0, 0x7f, 0xff, 0xf6, 0x0,
    0x0, 0x7f, 0xff, 0xf6, 0x0, 0x0, 0x7f, 0xff,
    0xf6, 0x0, 0x0, 0x7f, 0xff, 0xf6, 0x0, 0x0,
    0x7f, 0xff, 0xf6, 0x0, 0x0, 0x7f, 0xff, 0xf6,
    0x0, 0x0, 0x7f, 0xff, 0xf6, 0x0, 0x0, 0x7f,
    0xff, 0xf6, 0x0, 0x0, 0x7f, 0xff, 0xf6, 0x0,
    0x0, 0x7f, 0xff, 0xf6, 0x0, 0x0, 0x7f, 0xff,
    0xf6, 0x0, 0x0, 0x7f, 0xff, 0xf6, 0x0, 0x0,
    0x7f, 0xff, 0xf6, 0x0, 0x0, 0x7f, 0xff, 0xf6,
    0x0, 0x0, 0x7f, 0xff, 0xf6, 0x0, 0x0, 0x7f,
    0xff, 0xf6, 0x0, 0x0, 0x7f, 0xff, 0xf6, 0x0,
    0x0, 0x7f, 0xff, 0xf6, 0x0, 0x0, 0x7f, 0xff,
    0xf6, 0x0, 0x0, 0x9f, 0xff, 0xf5, 0x3, 0x47,
    0xff, 0xff, 0xf3, 0xf, 0xff, 0xff, 0xff, 0xe0,
    0xf, 0xff, 0xff, 0xff, 0x70, 0xf, 0xff, 0xff,
    0xfa, 0x0, 0xf, 0xff, 0xea, 0x50, 0x0,

    /* U+006B "k" */
    0xaf, 0xff, 0xf3, 0x0, 0x0, 0x0, 0x0, 0x0,
    0x0, 0xa, 0xff, 0xff, 0x30, 0x0, 0x0, 0x0,
    0x0, 0x0, 0x0, 0xaf, 0xff, 0xf3, 0x0, 0x0,
    0x0, 0x0, 0x0, 0x0, 0xa, 0xff, 0xff, 0x30,
    0x0, 0x0, 0x0, 0x0, 0x0, 0x0, 0xaf, 0xff,
    0xf3, 0x0, 0x0, 0x0, 0x0, 0x0, 0x0, 0xa,
    0xff, 0xff, 0x30, 0x0, 0x0, 0x0, 0x0, 0x0,
    0x0, 0xaf, 0xff, 0xf3, 0x0, 0x0, 0x0, 0x0,
    0x0, 0x0, 0xa, 0xff, 0xff, 0x30, 0x0, 0x0,
    0x0, 0x0, 0x0, 0x0, 0xaf, 0xff, 0xf3, 0x0,
    0x0, 0x1d, 0xff, 0xff, 0xb0, 0xa, 0xff, 0xff,
    0x30, 0x0, 0xb, 0xff, 0xff, 0xd1, 0x0, 0xaf,
    0xff, 0xf3, 0x0, 0x8, 0xff, 0xff, 0xf2, 0x0,
    0xa, 0xff, 0xff, 0x30, 0x5, 0xff, 0xff, 0xf4,
    0x0, 0x0, 0xaf, 0xff, 0xf3, 0x3, 0xff, 0xff,
    0xf6, 0x0, 0x0, 0xa, 0xff, 0xff, 0x31, 0xef,
    0xff, 0xf9, 0x0, 0x0, 0x0, 0xaf, 0xff, 0xf4,
    0xcf, 0xff, 0xfb, 0x0, 0x0, 0x0, 0xa, 0xff,
    0xff, 0xdf, 0xff, 0xfd, 0x10, 0x0, 0x0, 0x0,
    0xaf, 0xff, 0xff, 0xff, 0xff, 0x20, 0x0, 0x0,
    0x0, 0xa, 0xff, 0xff, 0xff, 0xff, 0xf8, 0x0,
    0x0, 0x0, 0x0, 0xaf, 0xff, 0xf5, 0xff, 0xff,
    0xf5, 0x0, 0x0, 0x0, 0xa, 0xff, 0xff, 0x35,
    0xff, 0xff, 0xf3, 0x0, 0x0, 0x0, 0xaf, 0xff,
    0xf3, 0x9, 0xff, 0xff, 0xe1, 0x0, 0x0, 0xa,
    0xff, 0xff, 0x30, 0xc, 0xff, 0xff, 0xc0, 0x0,
    0x0, 0xaf, 0xff, 0xf3, 0x0, 0x2f, 0xff, 0xff,
    0x90, 0x0, 0xa, 0xff, 0xff, 0x30, 0x0, 0x5f,
    0xff, 0xff, 0x60, 0x0, 0xaf, 0xff, 0xf3, 0x0,
    0x0, 0x9f, 0xff, 0xff, 0x40, 0xa, 0xff, 0xff,
    0x30, 0x0, 0x0, 0xdf, 0xff, 0xfe, 0x20, 0xaf,
    0xff, 0xf3, 0x0, 0x0, 0x2, 0xff, 0xff, 0xfd,
    0x0,

    /* U+006C "l" */
    0xaf, 0xff, 0xf3, 0xaf, 0xff, 0xf3, 0xaf, 0xff,
    0xf3, 0xaf, 0xff, 0xf3, 0xaf, 0xff, 0xf3, 0xaf,
    0xff, 0xf3, 0xaf, 0xff, 0xf3, 0xaf, 0xff, 0xf3,
    0xaf, 0xff, 0xf3, 0xaf, 0xff, 0xf3, 0xaf, 0xff,
    0xf3, 0xaf, 0xff, 0xf3, 0xaf, 0xff, 0xf3, 0xaf,
    0xff, 0xf3, 0xaf, 0xff, 0xf3, 0xaf, 0xff, 0xf3,
    0xaf, 0xff, 0xf3, 0xaf, 0xff, 0xf3, 0xaf, 0xff,
    0xf3, 0xaf, 0xff, 0xf3, 0xaf, 0xff, 0xf3, 0xaf,
    0xff, 0xf3, 0xaf, 0xff, 0xf3, 0xaf, 0xff, 0xf3,
    0xaf, 0xff, 0xf3, 0xaf, 0xff, 0xf3, 0xaf, 0xff,
    0xf3,

    /* U+006D "m" */
    0xaf, 0xff, 0xb0, 0x4, 0xae, 0xfe, 0xc7, 0x0,
    0x0, 0x5, 0xbe, 0xfe, 0xc6, 0x0, 0x0, 0xaf,
    0xff, 0xe0, 0xaf, 0xff, 0xff, 0xff, 0xd2, 0x3,
    0xdf, 0xff, 0xff, 0xff, 0xe2, 0x0, 0xaf, 0xff,
    0xfb, 0xff, 0xff, 0xff, 0xff, 0xfe, 0x3e, 0xff,
    0xff, 0xff, 0xff, 0xff, 0x10, 0xaf, 0xff, 0xff,
    0xff, 0xff, 0xff, 0xff, 0xff, 0xff, 0xff, 0xff,
    0xff, 0xff, 0xff, 0xa0, 0xaf, 0xff, 0xff, 0xf9,
    0x43, 0x7f, 0xff, 0xff, 0xff, 0xfb, 0x53, 0x5d,
    0xff, 0xff, 0xf1, 0xaf, 0xff, 0xff, 0x50, 0x0,
    0x3, 0xff, 0xff, 0xff, 0x90, 0x0, 0x1, 0xef,
    0xff, 0xf6, 0xaf, 0xff, 0xfb, 0x0, 0x0, 0x0,
    0xbf, 0xff, 0xfe, 0x0, 0x0, 0x0, 0x7f, 0xff,
    0xf8, 0xaf, 0xff, 0xf6, 0x0, 0x0, 0x0, 0x7f,
    0xff, 0xfa, 0x0, 0x0, 0x0, 0x3f, 0xff, 0xf9,
    0xaf, 0xff, 0xf4, 0x0, 0x0, 0x0, 0x6f, 0xff,
    0xf8, 0x0, 0x0, 0x0, 0x2f, 0xff, 0xfa, 0xaf,
    0xff, 0xf3, 0x0, 0x0, 0x0, 0x6f, 0xff, 0xf7,
    0x0, 0x0, 0x0, 0x2f, 0xff, 0xfb, 0xaf, 0xff,
    0xf3, 0x0, 0x0, 0x0, 0x6f, 0xff, 0xf7, 0x0,
    0x0, 0x0, 0x2f, 0xff, 0xfb, 0xaf, 0xff, 0xf3,
    0x0, 0x0, 0x0, 0x6f, 0xff, 0xf7, 0x0, 0x0,
    0x0, 0x2f, 0xff, 0xfb, 0xaf, 0xff, 0xf3, 0x0,
    0x0, 0x0, 0x6f, 0xff, 0xf7, 0x0, 0x0, 0x0,
    0x2f, 0xff, 0xfb, 0xaf, 0xff, 0xf3, 0x0, 0x0,
    0x0, 0x6f, 0xff, 0xf7, 0x0, 0x0, 0x0, 0x2f,
    0xff, 0xfb, 0xaf, 0xff, 0xf3, 0x0, 0x0, 0x0,
    0x6f, 0xff, 0xf7, 0x0, 0x0, 0x0, 0x2f, 0xff,
    0xfb, 0xaf, 0xff, 0xf3, 0x0, 0x0, 0x0, 0x6f,
    0xff, 0xf7, 0x0, 0x0, 0x0, 0x2f, 0xff, 0xfb,
    0xaf, 0xff, 0xf3, 0x0, 0x0, 0x0, 0x6f, 0xff,
    0xf7, 0x0, 0x0, 0x0, 0x2f, 0xff, 0xfb, 0xaf,
    0xff, 0xf3, 0x0, 0x0, 0x0, 0x6f, 0xff, 0xf7,
    0x0, 0x0, 0x0, 0x2f, 0xff, 0xfb, 0xaf, 0xff,
    0xf3, 0x0, 0x0, 0x0, 0x6f, 0xff, 0xf7, 0x0,
    0x0, 0x0, 0x2f, 0xff, 0xfb,

    /* U+006E "n" */
    0xaf, 0xff, 0xb0, 0x1, 0x8d, 0xef, 0xd9, 0x20,
    0x0, 0xa, 0xff, 0xfd, 0x5, 0xff, 0xff, 0xff,
    0xff, 0x70, 0x0, 0xaf, 0xff, 0xe5, 0xff, 0xff,
    0xff, 0xff, 0xff, 0x60, 0xa, 0xff, 0xff, 0xff,
    0xff, 0xff, 0xff, 0xff, 0xff, 0x10, 0xaf, 0xff,
    0xff, 0xfb, 0x53, 0x5b, 0xff, 0xff, 0xf6, 0xa,
    0xff, 0xff, 0xf7, 0x0, 0x0, 0xb, 0xff, 0xff,
    0xb0, 0xaf, 0xff, 0xfc, 0x0, 0x0, 0x0, 0x2f,
    0xff, 0xfd, 0xa, 0xff, 0xff, 0x60, 0x0, 0x0,
    0x0, 0xef, 0xff, 0xf0, 0xaf, 0xff, 0xf4, 0x0,
    0x0, 0x0, 0xd, 0xff, 0xff, 0xa, 0xff, 0xff,
    0x30, 0x0, 0x0, 0x0, 0xdf, 0xff, 0xf0, 0xaf,
    0xff, 0xf3, 0x0, 0x0, 0x0, 0xd, 0xff, 0xff,
    0xa, 0xff, 0xff, 0x30, 0x0, 0x0, 0x0, 0xdf,
    0xff, 0xf0, 0xaf, 0xff, 0xf3, 0x0, 0x0, 0x0,
    0xd, 0xff, 0xff, 0xa, 0xff, 0xff, 0x30, 0x0,
    0x0, 0x0, 0xdf, 0xff, 0xf0, 0xaf, 0xff, 0xf3,
    0x0, 0x0, 0x0, 0xd, 0xff, 0xff, 0xa, 0xff,
    0xff, 0x30, 0x0, 0x0, 0x0, 0xdf, 0xff, 0xf0,
    0xaf, 0xff, 0xf3, 0x0, 0x0, 0x0, 0xd, 0xff,
    0xff, 0xa, 0xff, 0xff, 0x30, 0x0, 0x0, 0x0,
    0xdf, 0xff, 0xf0, 0xaf, 0xff, 0xf3, 0x0, 0x0,
    0x0, 0xd, 0xff, 0xff, 0x0,

    /* U+006F "o" */
    0x0, 0x0, 0x0, 0x5a, 0xdf, 0xfd, 0xa5, 0x0,
    0x0, 0x0, 0x0, 0x0, 0x3d, 0xff, 0xff, 0xff,
    0xff, 0xd3, 0x0, 0x0, 0x0, 0x6, 0xff, 0xff,
    0xff, 0xff, 0xff, 0xff, 0x50, 0x0, 0x0, 0x3f,
    0xff, 0xff, 0xff, 0xff, 0xff, 0xff, 0xf3, 0x0,
    0x0, 0xef, 0xff, 0xff, 0xa6, 0x6a, 0xff, 0xff,
    0xfd, 0x0, 0x7, 0xff, 0xff, 0xf3, 0x0, 0x0,
    0x3f, 0xff, 0xff, 0x60, 0xc, 0xff, 0xff, 0x70,
    0x0, 0x0, 0x7, 0xff, 0xff, 0xb0, 0xf, 0xff,
    0xff, 0x10, 0x0, 0x0, 0x1, 0xff, 0xff, 0xf0,
    0x2f, 0xff, 0xfd, 0x0, 0x0, 0x0, 0x0, 0xef,
    0xff, 0xf1, 0x3f, 0xff, 0xfc, 0x0, 0x0, 0x0,
    0x0, 0xdf, 0xff, 0xf2, 0x2f, 0xff, 0xfd, 0x0,
    0x0, 0x0, 0x0, 0xef, 0xff, 0xf1, 0xf, 0xff,
    0xff, 0x0, 0x0, 0x0, 0x1, 0xff, 0xff, 0xf0,
    0xc, 0xff, 0xff, 0x60, 0x0, 0x0, 0x7, 0xff,
    0xff, 0xb0, 0x7, 0xff, 0xff, 0xf3, 0x0, 0x0,
    0x3f, 0xff, 0xff, 0x60, 0x0, 0xef, 0xff, 0xff,
    0x95, 0x59, 0xff, 0xff, 0xfd, 0x0, 0x0, 0x3f,
    0xff, 0xff, 0xff, 0xff, 0xff, 0xff, 0xf3, 0x0,
    0x0, 0x6, 0xff, 0xff, 0xff, 0xff, 0xff, 0xff,
    0x50, 0x0, 0x0, 0x0, 0x3d, 0xff, 0xff, 0xff,
    0xff, 0xd2, 0x0, 0x0, 0x0, 0x0, 0x0, 0x5a,
    0xef, 0xfd, 0xa5, 0x0, 0x0, 0x0,

    /* U+0070 "p" */
    0xaf, 0xff, 0xc0, 0x2, 0x9d, 0xff, 0xda, 0x40,
    0x0, 0x0, 0xaf, 0xff, 0xf0, 0x6f, 0xff, 0xff,
    0xff, 0xfb, 0x10, 0x0, 0xaf, 0xff, 0xf9, 0xff,
    0xff, 0xff, 0xff, 0xff, 0xd2, 0x0, 0xaf, 0xff,
    0xff, 0xff, 0xff, 0xff, 0xff, 0xff, 0xfc, 0x0,
    0xaf, 0xff, 0xff, 0xff, 0x96, 0x69, 0xff, 0xff,
    0xff, 0x80, 0xaf, 0xff, 0xff, 0xc1, 0x0, 0x0,
    0x1c, 0xff, 0xff, 0xf0, 0xaf, 0xff, 0xfe, 0x10,
    0x0, 0x0, 0x1, 0xef, 0xff, 0xf5, 0xaf, 0xff,
    0xf7, 0x0, 0x0, 0x0, 0x0, 0x8f, 0xff, 0xf9,
    0xaf, 0xff, 0xf3, 0x0, 0x0, 0x0, 0x0, 0x4f,
    0xff, 0xfb, 0xaf, 0xff, 0xf1, 0x0, 0x0, 0x0,
    0x0, 0x3f, 0xff, 0xfc, 0xaf, 0xff, 0xf3, 0x0,
    0x0, 0x0, 0x0, 0x4f, 0xff, 0xfb, 0xaf, 0xff,
    0xf7, 0x0, 0x0, 0x0, 0x0, 0x8f, 0xff, 0xf9,
    0xaf, 0xff, 0xfe, 0x0, 0x0, 0x0, 0x1, 0xef,
    0xff, 0xf6, 0xaf, 0xff, 0xff, 0xb1, 0x0, 0x0,
    0x1c, 0xff, 0xff, 0xf1, 0xaf, 0xff, 0xff, 0xfe,
    0x96, 0x69, 0xff, 0xff, 0xff, 0x80, 0xaf, 0xff,
    0xff, 0xff, 0xff, 0xff, 0xff, 0xff, 0xfd, 0x0,
    0xaf, 0xff, 0xfb, 0xff, 0xff, 0xff, 0xff, 0xff,
    0xe2, 0x0, 0xaf, 0xff, 0xf3, 0x7f, 0xff, 0xff,
    0xff, 0xfc, 0x10, 0x0, 0xaf, 0xff, 0xf3, 0x2,
    0x8d, 0xff, 0xea, 0x40, 0x0, 0x0, 0xaf, 0xff,
    0xf3, 0x0, 0x0, 0x0, 0x0, 0x0, 0x0, 0x0,
    0xaf, 0xff, 0xf3, 0x0, 0x0, 0x0, 0x0, 0x0,
    0x0, 0x0, 0xaf, 0xff, 0xf3, 0x0, 0x0, 0x0,
    0x0, 0x0, 0x0, 0x0, 0xaf, 0xff, 0xf3, 0x0,
    0x0, 0x0, 0x0, 0x0, 0x0, 0x0, 0xaf, 0xff,
    0xf3, 0x0, 0x0, 0x0, 0x0, 0x0, 0x0, 0x0,
    0xaf, 0xff, 0xf3, 0x0, 0x0, 0x0, 0x0, 0x0,
    0x0, 0x0, 0xaf, 0xff, 0xf3, 0x0, 0x0, 0x0,
    0x0, 0x0, 0x0, 0x0, 0xaf, 0xff, 0xf3, 0x0,
    0x0, 0x0, 0x0, 0x0, 0x0, 0x0,

    /* U+0071 "q" */
    0x0, 0x0, 0x0, 0x7b, 0xef, 0xec, 0x71, 0x3,
    0xff, 0xff, 0x30, 0x0, 0x4, 0xef, 0xff, 0xff,
    0xff, 0xe4, 0x6f, 0xff, 0xf3, 0x0, 0x6, 0xff,
    0xff, 0xff, 0xff, 0xff, 0xfc, 0xff, 0xff, 0x30,
    0x4, 0xff, 0xff, 0xff, 0xff, 0xff, 0xff, 0xff,
    0xff, 0xf3, 0x0, 0xef, 0xff, 0xff, 0xd7, 0x67,
    0xbf, 0xff, 0xff, 0xff, 0x30, 0x7f, 0xff, 0xff,
    0x70, 0x0, 0x0, 0x4f, 0xff, 0xff, 0xf3, 0xc,
    0xff, 0xff, 0x90, 0x0, 0x0, 0x0, 0x6f, 0xff,
    0xff, 0x30, 0xff, 0xff, 0xf1, 0x0, 0x0, 0x0,
    0x0, 0xef, 0xff, 0xf3, 0x2f, 0xff, 0xfd, 0x0,
    0x0, 0x0, 0x0, 0xa, 0xff, 0xff, 0x33, 0xff,
    0xff, 0xc0, 0x0, 0x0, 0x0, 0x0, 0x9f, 0xff,
    0xf3, 0x2f, 0xff, 0xfd, 0x0, 0x0, 0x0, 0x0,
    0xa, 0xff, 0xff, 0x30, 0xff, 0xff, 0xf1, 0x0,
    0x0, 0x0, 0x0, 0xef, 0xff, 0xf3, 0xc, 0xff,
    0xff, 0x90, 0x0, 0x0, 0x0, 0x6f, 0xff, 0xff,
    0x30, 0x7f, 0xff, 0xff, 0x70, 0x0, 0x0, 0x4f,
    0xff, 0xff, 0xf3, 0x1, 0xef, 0xff, 0xff, 0xd7,
    0x57, 0xbf, 0xff, 0xff, 0xff, 0x30, 0x4, 0xff,
    0xff, 0xff, 0xff, 0xff, 0xff, 0xff, 0xff, 0xf3,
    0x0, 0x7, 0xff, 0xff, 0xff, 0xff, 0xff, 0xdb,
    0xff, 0xff, 0x30, 0x0, 0x5, 0xef, 0xff, 0xff,
    0xff, 0xc2, 0xaf, 0xff, 0xf3, 0x0, 0x0, 0x1,
    0x7c, 0xef, 0xeb, 0x60, 0xa, 0xff, 0xff, 0x30,
    0x0, 0x0, 0x0, 0x0, 0x0, 0x0, 0x0, 0xaf,
    0xff, 0xf3, 0x0, 0x0, 0x0, 0x0, 0x0, 0x0,
    0x0, 0xa, 0xff, 0xff, 0x30, 0x0, 0x0, 0x0,
    0x0, 0x0, 0x0, 0x0, 0xaf, 0xff, 0xf3, 0x0,
    0x0, 0x0, 0x0, 0x0, 0x0, 0x0, 0xa, 0xff,
    0xff, 0x30, 0x0, 0x0, 0x0, 0x0, 0x0, 0x0,
    0x0, 0xaf, 0xff, 0xf3, 0x0, 0x0, 0x0, 0x0,
    0x0, 0x0, 0x0, 0xa, 0xff, 0xff, 0x30, 0x0,
    0x0, 0x0, 0x0, 0x0, 0x0, 0x0, 0xaf, 0xff,
    0xf3, 0x0, 0x0, 0x0, 0x0, 0x0, 0x0, 0x0,
    0xa, 0xff, 0xff, 0x30,

    /* U+0072 "r" */
    0xaf, 0xff, 0xc0, 0x0, 0x4a, 0xdd, 0xaf, 0xff,
    0xe0, 0x1b, 0xff, 0xfe, 0xaf, 0xff, 0xf1, 0xdf,
    0xff, 0xfe, 0xaf, 0xff, 0xfc, 0xff, 0xff, 0xfe,
    0xaf, 0xff, 0xff, 0xff, 0xff, 0xfe, 0xaf, 0xff,
    0xff, 0xfd, 0x75, 0x43, 0xaf, 0xff, 0xff, 0x80,
    0x0, 0x0, 0xaf, 0xff, 0xfc, 0x0, 0x0, 0x0,
    0xaf, 0xff, 0xf7, 0x0, 0x0, 0x0, 0xaf, 0xff,
    0xf4, 0x0, 0x0, 0x0, 0xaf, 0xff, 0xf3, 0x0,
    0x0, 0x0, 0xaf, 0xff, 0xf3, 0x0, 0x0, 0x0,
    0xaf, 0xff, 0xf3, 0x0, 0x0, 0x0, 0xaf, 0xff,
    0xf3, 0x0, 0x0, 0x0, 0xaf, 0xff, 0xf3, 0x0,
    0x0, 0x0, 0xaf, 0xff, 0xf3, 0x0, 0x0, 0x0,
    0xaf, 0xff, 0xf3, 0x0, 0x0, 0x0, 0xaf, 0xff,
    0xf3, 0x0, 0x0, 0x0, 0xaf, 0xff, 0xf3, 0x0,
    0x0, 0x0,

    /* U+0073 "s" */
    0x0, 0x0, 0x49, 0xde, 0xfe, 0xc8, 0x20, 0x0,
    0x0, 0x1, 0xbf, 0xff, 0xff, 0xff, 0xff, 0x70,
    0x0, 0x1, 0xdf, 0xff, 0xff, 0xff, 0xff, 0xff,
    0x70, 0x0, 0x8f, 0xff, 0xff, 0xed, 0xff, 0xff,
    0xff, 0x20, 0xe, 0xff, 0xff, 0x30, 0x0, 0x9f,
    0xff, 0xf8, 0x0, 0xff, 0xff, 0xa0, 0x0, 0x0,
    0x99, 0x99, 0x60, 0xf, 0xff, 0xff, 0x50, 0x0,
    0x0, 0x0, 0x0, 0x0, 0xaf, 0xff, 0xff, 0xe9,
    0x62, 0x0, 0x0, 0x0, 0x1, 0xdf, 0xff, 0xff,
    0xff, 0xfe, 0x93, 0x0, 0x0, 0x0, 0x8e, 0xff,
    0xff, 0xff, 0xff, 0xfa, 0x0, 0x0, 0x0, 0x5,
    0x9d, 0xff, 0xff, 0xff, 0xfb, 0x0, 0x0, 0x0,
    0x0, 0x1, 0x5b, 0xff, 0xff, 0xf2, 0x13, 0x33,
    0x30, 0x0, 0x0, 0xa, 0xff, 0xff, 0x57, 0xff,
    0xff, 0x90, 0x0, 0x0, 0x8f, 0xff, 0xf5, 0x2f,
    0xff, 0xff, 0x60, 0x0, 0x3e, 0xff, 0xff, 0x30,
    0xaf, 0xff, 0xff, 0xec, 0xdf, 0xff, 0xff, 0xc0,
    0x1, 0xdf, 0xff, 0xff, 0xff, 0xff, 0xff, 0xf3,
    0x0, 0x1, 0xaf, 0xff, 0xff, 0xff, 0xff, 0xd3,
    0x0, 0x0, 0x0, 0x38, 0xce, 0xff, 0xda, 0x50,
    0x0, 0x0,

    /* U+0074 "t" */
    0x0, 0x2, 0x88, 0x88, 0x0, 0x0, 0x0, 0x0,
    0x5f, 0xff, 0xf1, 0x0, 0x0, 0x0, 0x7, 0xff,
    0xff, 0x10, 0x0, 0x0, 0x0, 0x9f, 0xff, 0xf1,
    0x0, 0x0, 0x0, 0xb, 0xff, 0xff, 0x10, 0x0,
    0xe, 0xff, 0xff, 0xff, 0xff, 0xff, 0xfd, 0xef,
    0xff, 0xff, 0xff, 0xff, 0xff, 0xde, 0xff, 0xff,
    0xff, 0xff, 0xff, 0xfd, 0xef, 0xff, 0xff, 0xff,
    0xff, 0xff, 0xd2, 0x22, 0xdf, 0xff, 0xf3, 0x22,
    0x22, 0x0, 0xc, 0xff, 0xff, 0x10, 0x0, 0x0,
    0x0, 0xcf, 0xff, 0xf1, 0x0, 0x0, 0x0, 0xc,
    0xff, 0xff, 0x10, 0x0, 0x0, 0x0, 0xcf, 0xff,
    0xf1, 0x0, 0x0, 0x0, 0xc, 0xff, 0xff, 0x10,
    0x0, 0x0, 0x0, 0xcf, 0xff, 0xf1, 0x0, 0x0,
    0x0, 0xc, 0xff, 0xff, 0x10, 0x0, 0x0, 0x0,
    0xcf, 0xff, 0xf1, 0x0, 0x0, 0x0, 0xb, 0xff,
    0xff, 0x30, 0x0, 0x0, 0x0, 0x9f, 0xff, 0xfd,
    0x53, 0x33, 0x0, 0x5, 0xff, 0xff, 0xff, 0xff,
    0xd0, 0x0, 0xc, 0xff, 0xff, 0xff, 0xfd, 0x0,
    0x0, 0x2d, 0xff, 0xff, 0xff, 0xd0, 0x0, 0x0,
    0x7, 0xce, 0xff, 0xfd,

    /* U+0075 "u" */
    0xdf, 0xff, 0xf0, 0x0, 0x0, 0x0, 0xf, 0xff,
    0xfc, 0xdf, 0xff, 0xf0, 0x0, 0x0, 0x0, 0xf,
    0xff, 0xfc, 0xdf, 0xff, 0xf0, 0x0, 0x0, 0x0,
    0xf, 0xff, 0xfc, 0xdf, 0xff, 0xf0, 0x0, 0x0,
    0x0, 0xf, 0xff, 0xfc, 0xdf, 0xff, 0xf0, 0x0,
    0x0, 0x0, 0xf, 0xff, 0xfc, 0xdf, 0xff, 0xf0,
    0x0, 0x0, 0x0, 0xf, 0xff, 0xfc, 0xdf, 0xff,
    0xf0, 0x0, 0x0, 0x0, 0xf, 0xff, 0xfc, 0xdf,
    0xff, 0xf0, 0x0, 0x0, 0x0, 0xf, 0xff, 0xfc,
    0xdf, 0xff, 0xf0, 0x0, 0x0, 0x0, 0xf, 0xff,
    0xfc, 0xdf, 0xff, 0xf0, 0x0, 0x0, 0x0, 0xf,
    0xff, 0xfc, 0xdf, 0xff, 0xf0, 0x0, 0x0, 0x0,
    0x1f, 0xff, 0xfc, 0xcf, 0xff, 0xf1, 0x0, 0x0,
    0x0, 0x3f, 0xff, 0xfc, 0xbf, 0xff, 0xf5, 0x0,
    0x0, 0x0, 0x9f, 0xff, 0xfc, 0x8f, 0xff, 0xfc,
    0x0, 0x0, 0x4, 0xff, 0xff, 0xfc, 0x4f, 0xff,
    0xff, 0xc5, 0x34, 0x9f, 0xff, 0xff, 0xfc, 0xd,
    0xff, 0xff, 0xff, 0xff, 0xff, 0xff, 0xff, 0xfc,
    0x4, 0xff, 0xff, 0xff, 0xff, 0xff, 0x8b, 0xff,
    0xfc, 0x0, 0x5f, 0xff, 0xff, 0xff, 0xf8, 0xa,
    0xff, 0xfc, 0x0, 0x1, 0x8c, 0xef, 0xd9, 0x30,
    0x8, 0xff, 0xfc,

    /* U+0076 "v" */
    0x4f, 0xff, 0xfd, 0x0, 0x0, 0x0, 0x0, 0x7f,
    0xff, 0xf9, 0xe, 0xff, 0xff, 0x20, 0x0, 0x0,
    0x0, 0xcf, 0xff, 0xf3, 0x8, 0xff, 0xff, 0x70,
    0x0, 0x0, 0x1, 0xff, 0xff, 0xe0, 0x3, 0xff,
    0xff, 0xc0, 0x0, 0x0, 0x6, 0xff, 0xff, 0x80,
    0x0, 0xdf, 0xff, 0xf1, 0x0, 0x0, 0xb, 0xff,
    0xff, 0x30, 0x0, 0x7f, 0xff, 0xf6, 0x0, 0x0,
    0x1f, 0xff, 0xfd, 0x0, 0x0, 0x2f, 0xff, 0xfb,
    0x0, 0x0, 0x5f, 0xff, 0xf7, 0x0, 0x0, 0xc,
    0xff, 0xff, 0x10, 0x0, 0xbf, 0xff, 0xf2, 0x0,
    0x0, 0x7, 0xff, 0xff, 0x60, 0x0, 0xff, 0xff,
    0xc0, 0x0, 0x0, 0x1, 0xff, 0xff, 0xb0, 0x5,
    0xff, 0xff, 0x70, 0x0, 0x0, 0x0, 0xbf, 0xff,
    0xf0, 0xa, 0xff, 0xff, 0x10, 0x0, 0x0, 0x0,
    0x6f, 0xff, 0xf5, 0xe, 0xff, 0xfc, 0x0, 0x0,
    0x0, 0x0, 0x1f, 0xff, 0xfa, 0x4f, 0xff, 0xf6,
    0x0, 0x0, 0x0, 0x0, 0xb, 0xff, 0xfe, 0x9f,
    0xff, 0xf1, 0x0, 0x0, 0x0, 0x0, 0x5, 0xff,
    0xff, 0xff, 0xff, 0xb0, 0x0, 0x0, 0x0, 0x0,
    0x0, 0xff, 0xff, 0xff, 0xff, 0x50, 0x0, 0x0,
    0x0, 0x0, 0x0, 0xaf, 0xff, 0xff, 0xff, 0x0,
    0x0, 0x0, 0x0, 0x0, 0x0, 0x4f, 0xff, 0xff,
    0xfa, 0x0, 0x0, 0x0, 0x0, 0x0, 0x0, 0xe,
    0xff, 0xff, 0xf5, 0x0, 0x0, 0x0,

    /* U+0077 "w" */
    0x4f, 0xff, 0xf8, 0x0, 0x0, 0x1, 0xff, 0xff,
    0xf9, 0x0, 0x0, 0x0, 0xff, 0xff, 0xc0, 0xff,
    0xff, 0xb0, 0x0, 0x0, 0x5f, 0xff, 0xff, 0xd0,
    0x0, 0x0, 0x3f, 0xff, 0xf7, 0xb, 0xff, 0xff,
    0x0, 0x0, 0x9, 0xff, 0xff, 0xff, 0x10, 0x0,
    0x7, 0xff, 0xff, 0x30, 0x6f, 0xff, 0xf3, 0x0,
    0x0, 0xdf, 0xff, 0xff, 0xf5, 0x0, 0x0, 0xaf,
    0xff, 0xe0, 0x2, 0xff, 0xff, 0x60, 0x0, 0x1f,
    0xff, 0xff, 0xff, 0xa0, 0x0, 0xe, 0xff, 0xfa,
    0x0, 0xd, 0xff, 0xfa, 0x0, 0x6, 0xff, 0xfc,
    0xff, 0xfe, 0x0, 0x2, 0xff, 0xff, 0x50, 0x0,
    0x9f, 0xff, 0xe0, 0x0, 0xaf, 0xff, 0x5d, 0xff,
    0xf2, 0x0, 0x6f, 0xff, 0xf1, 0x0, 0x4, 0xff,
    0xff, 0x10, 0xe, 0xff, 0xf1, 0x9f, 0xff, 0x60,
    0x9, 0xff, 0xfc, 0x0, 0x0, 0xf, 0xff, 0xf5,
    0x2, 0xff, 0xfd, 0x4, 0xff, 0xfa, 0x0, 0xdf,
    0xff, 0x80, 0x0, 0x0, 0xbf, 0xff, 0x90, 0x6f,
    0xff, 0x80, 0xf, 0xff, 0xe0, 0x1f, 0xff, 0xf3,
    0x0, 0x0, 0x7, 0xff, 0xfc, 0xa, 0xff, 0xf4,
    0x0, 0xcf, 0xff, 0x34, 0xff, 0xff, 0x0, 0x0,
    0x0, 0x2f, 0xff, 0xf0, 0xef, 0xff, 0x0, 0x7,
    0xff, 0xf7, 0x8f, 0xff, 0xa0, 0x0, 0x0, 0x0,
    0xef, 0xff, 0x7f, 0xff, 0xb0, 0x0, 0x3f, 0xff,
    0xbc, 0xff, 0xf6, 0x0, 0x0, 0x0, 0x9, 0xff,
    0xff, 0xff, 0xf7, 0x0, 0x0, 0xef, 0xff, 0xff,
    0xff, 0x10, 0x0, 0x0, 0x0, 0x5f, 0xff, 0xff,
    0xff, 0x30, 0x0, 0xa, 0xff, 0xff, 0xff, 0xd0,
    0x0, 0x0, 0x0, 0x0, 0xff, 0xff, 0xff, 0xe0,
    0x0, 0x0, 0x6f, 0xff, 0xff, 0xf8, 0x0, 0x0,
    0x0, 0x0, 0xc, 0xff, 0xff, 0xfa, 0x0, 0x0,
    0x2, 0xff, 0xff, 0xff, 0x40, 0x0, 0x0, 0x0,
    0x0, 0x7f, 0xff, 0xff, 0x60, 0x0, 0x0, 0xd,
    0xff, 0xff, 0xf0, 0x0, 0x0, 0x0, 0x0, 0x3,
    0xff, 0xff, 0xf1, 0x0, 0x0, 0x0, 0x9f, 0xff,
    0xfb, 0x0, 0x0, 0x0,

    /* U+0078 "x" */
    0x1e, 0xff, 0xff, 0x40, 0x0, 0x0, 0x0, 0xaf,
    0xff, 0xf8, 0x4, 0xff, 0xff, 0xe0, 0x0, 0x0,
    0x5, 0xff, 0xff, 0xd0, 0x0, 0x9f, 0xff, 0xf9,
    0x0, 0x0, 0x1e, 0xff, 0xff, 0x20, 0x0, 0xd,
    0xff, 0xff, 0x40, 0x0, 0xaf, 0xff, 0xf7, 0x0,
    0x0, 0x3, 0xff, 0xff, 0xe0, 0x5, 0xff, 0xff,
    0xc0, 0x0, 0x0, 0x0, 0x8f, 0xff, 0xf9, 0x1e,
    0xff, 0xff, 0x20, 0x0, 0x0, 0x0, 0xd, 0xff,
    0xff, 0xdf, 0xff, 0xf6, 0x0, 0x0, 0x0, 0x0,
    0x3, 0xff, 0xff, 0xff, 0xff, 0xb0, 0x0, 0x0,
    0x0, 0x0, 0x0, 0x7f, 0xff, 0xff, 0xfe, 0x10,
    0x0, 0x0, 0x0, 0x0, 0x0, 0xf, 0xff, 0xff,
    0xf8, 0x0, 0x0, 0x0, 0x0, 0x0, 0x0, 0x7f,
    0xff, 0xff, 0xfe, 0x10, 0x0, 0x0, 0x0, 0x0,
    0x3, 0xff, 0xff, 0xff, 0xff, 0xb0, 0x0, 0x0,
    0x0, 0x0, 0xd, 0xff, 0xff, 0xcf, 0xff, 0xf6,
    0x0, 0x0, 0x0, 0x0, 0x8f, 0xff, 0xf9, 0x1e,
    0xff, 0xff, 0x20, 0x0, 0x0, 0x3, 0xff, 0xff,
    0xe0, 0x5, 0xff, 0xff, 0xc0, 0x0, 0x0, 0xd,
    0xff, 0xff, 0x40, 0x0, 0xaf, 0xff, 0xf7, 0x0,
    0x0, 0x9f, 0xff, 0xf9, 0x0, 0x0, 0x1e, 0xff,
    0xff, 0x20, 0x4, 0xff, 0xff, 0xe0, 0x0, 0x0,
    0x5, 0xff, 0xff, 0xd0, 0x1e, 0xff, 0xff, 0x40,
    0x0, 0x0, 0x0, 0xaf, 0xff, 0xf8,

    /* U+0079 "y" */
    0x1f, 0xff, 0xff, 0x30, 0x0, 0x0, 0x0, 0x5,
    0xff, 0xff, 0xd0, 0xa, 0xff, 0xff, 0xa0, 0x0,
    0x0, 0x0, 0xb, 0xff, 0xff, 0x60, 0x3, 0xff,
    0xff, 0xf1, 0x0, 0x0, 0x0, 0x1f, 0xff, 0xff,
    0x0, 0x0, 0xcf, 0xff, 0xf8, 0x0, 0x0, 0x0,
    0x7f, 0xff, 0xf9, 0x0, 0x0, 0x5f, 0xff, 0xfe,
    0x0, 0x0, 0x0, 0xdf, 0xff, 0xf2, 0x0, 0x0,
    0xe, 0xff, 0xff, 0x50, 0x0, 0x3, 0xff, 0xff,
    0xb0, 0x0, 0x0, 0x7, 0xff, 0xff, 0xc0, 0x0,
    0xa, 0xff, 0xff, 0x50, 0x0, 0x0, 0x1, 0xff,
    0xff, 0xf3, 0x0, 0xf, 0xff, 0xfe, 0x0, 0x0,
    0x0, 0x0, 0x9f, 0xff, 0xfa, 0x0, 0x6f, 0xff,
    0xf8, 0x0, 0x0, 0x0, 0x0, 0x2f, 0xff, 0xff,
    0x10, 0xcf, 0xff, 0xf1, 0x0, 0x0, 0x0, 0x0,
    0xb, 0xff, 0xff, 0x82, 0xff, 0xff, 0xa0, 0x0,
    0x0, 0x0, 0x0, 0x4, 0xff, 0xff, 0xe9, 0xff,
    0xff, 0x40, 0x0, 0x0, 0x0, 0x0, 0x0, 0xdf,
    0xff, 0xff, 0xff, 0xfd, 0x0, 0x0, 0x0, 0x0,
    0x0, 0x0, 0x6f, 0xff, 0xff, 0xff, 0xf6, 0x0,
    0x0, 0x0, 0x0, 0x0, 0x0, 0xe, 0xff, 0xff,
    0xff, 0xf0, 0x0, 0x0, 0x0, 0x0, 0x0, 0x0,
    0x8, 0xff, 0xff, 0xff, 0x90, 0x0, 0x0, 0x0,
    0x0, 0x0, 0x0, 0x1, 0xbf, 0xff, 0xff, 0x20,
    0x0, 0x0, 0x0, 0x0, 0x0, 0x0, 0x0, 0x4f,
    0xff, 0xfc, 0x0, 0x0, 0x0, 0x0, 0x0, 0x0,
    0x0, 0x0, 0xaf, 0xff, 0xf5, 0x0, 0x0, 0x0,
    0x0, 0x0, 0x0, 0x0, 0x1, 0xff, 0xff, 0xe0,
    0x0, 0x0, 0x0, 0x0, 0x0, 0x0, 0x0, 0x8,
    0xff, 0xff, 0x80, 0x0, 0x0, 0x0, 0x0, 0x0,
    0x0, 0x0, 0xe, 0xff, 0xff, 0x10, 0x0, 0x0,
    0x0, 0x0, 0x0, 0x0, 0x0, 0x6f, 0xff, 0xfb,
    0x0, 0x0, 0x0, 0x0, 0x0, 0x0, 0x0, 0x0,
    0xdf, 0xff, 0xf4, 0x0, 0x0, 0x0, 0x0, 0x0,
    0x0, 0x0, 0x3, 0xff, 0xff, 0xd0, 0x0, 0x0,
    0x0, 0x0, 0x0, 0x0, 0x0, 0xa, 0xff, 0xff,
    0x70, 0x0, 0x0, 0x0, 0x0, 0x0, 0x0, 0x0,
    0x1f, 0xff, 0xff, 0x10, 0x0, 0x0, 0x0, 0x0,
    0x0,

    /* U+007A "z" */
    0xbf, 0xff, 0xff, 0xff, 0xff, 0xff, 0xff, 0xe0,
    0xbf, 0xff, 0xff, 0xff, 0xff, 0xff, 0xff, 0xe0,
    0xbf, 0xff, 0xff, 0xff, 0xff, 0xff, 0xff, 0xe0,
    0xbf, 0xff, 0xff, 0xff, 0xff, 0xff, 0xff, 0xe0,
    0x12, 0x22, 0x22, 0x22, 0x3e, 0xff, 0xff, 0x70,
    0x0, 0x0, 0x0, 0x0, 0xcf, 0xff, 0xfa, 0x0,
    0x0, 0x0, 0x0, 0xa, 0xff, 0xff, 0xc0, 0x0,
    0x0, 0x0, 0x0, 0x8f, 0xff, 0xfd, 0x10, 0x0,
    0x0, 0x0, 0x5, 0xff, 0xff, 0xf2, 0x0, 0x0,
    0x0, 0x0, 0x3f, 0xff, 0xff, 0x40, 0x0, 0x0,
    0x0, 0x1, 0xef, 0xff, 0xf6, 0x0, 0x0, 0x0,
    0x0, 0xd, 0xff, 0xff, 0x80, 0x0, 0x0, 0x0,
    0x0, 0xbf, 0xff, 0xfb, 0x0, 0x0, 0x0, 0x0,
    0x8, 0xff, 0xff, 0xd0, 0x0, 0x0, 0x0, 0x0,
    0x6f, 0xff, 0xff, 0x32, 0x22, 0x22, 0x22, 0x20,
    0xcf, 0xff, 0xff, 0xff, 0xff, 0xff, 0xff, 0xf1,
    0xdf, 0xff, 0xff, 0xff, 0xff, 0xff, 0xff, 0xf1,
    0xdf, 0xff, 0xff, 0xff, 0xff, 0xff, 0xff, 0xf1,
    0xdf, 0xff, 0xff, 0xff, 0xff, 0xff, 0xff, 0xf1,

    /* U+007B "{" */
    0x0, 0x0, 0x0, 0x0, 0x11, 0x21, 0x0, 0x0,
    0x2, 0x9e, 0xff, 0xfa, 0x0, 0x0, 0x4f, 0xff,
    0xff, 0xfa, 0x0, 0x2, 0xff, 0xff, 0xff, 0xfa,
    0x0, 0x9, 0xff, 0xff, 0xff, 0xfa, 0x0, 0xd,
    0xff, 0xff, 0x81, 0x0, 0x0, 0xf, 0xff, 0xfd,
    0x0, 0x0, 0x0, 0xf, 0xff, 0xfb, 0x0, 0x0,
    0x0, 0xd, 0xff, 0xfc, 0x0, 0x0, 0x0, 0xc,
    0xff, 0xfe, 0x0, 0x0, 0x0, 0x9, 0xff, 0xff,
    0x0, 0x0, 0x0, 0x6, 0xff, 0xff, 0x30, 0x0,
    0x0, 0x5, 0xff, 0xff, 0x50, 0x0, 0x0, 0x4,
    0xff, 0xff, 0x50, 0x0, 0x0, 0x5, 0xff, 0xff,
    0x40, 0x0, 0x0, 0xc, 0xff, 0xff, 0x20, 0x0,
    0x15, 0xcf, 0xff, 0xfb, 0x0, 0x0, 0xef, 0xff,
    0xff, 0xe2, 0x0, 0x0, 0xef, 0xff, 0xe8, 0x10,
    0x0, 0x0, 0xef, 0xff, 0xfb, 0x30, 0x0, 0x0,
    0xdf, 0xff, 0xff, 0xf3, 0x0, 0x0, 0x2, 0xaf,
    0xff, 0xfc, 0x0, 0x0, 0x0, 0xb, 0xff, 0xff,
    0x20, 0x0, 0x0, 0x5, 0xff, 0xff, 0x40, 0x0,
    0x0, 0x4, 0xff, 0xff, 0x50, 0x0, 0x0, 0x5,
    0xff, 0xff, 0x40, 0x0, 0x0, 0x7, 0xff, 0xff,
    0x30, 0x0, 0x0, 0x9, 0xff, 0xff, 0x0, 0x0,
    0x0, 0xc, 0xff, 0xfd, 0x0, 0x0, 0x0, 0xe,
    0xff, 0xfc, 0x0, 0x0, 0x0, 0xf, 0xff, 0xfb,
    0x0, 0x0, 0x0, 0xe, 0xff, 0xfe, 0x0, 0x0,
    0x0, 0xc, 0xff, 0xff, 0xa3, 0x21, 0x0, 0x8,
    0xff, 0xff, 0xff, 0xfa, 0x0, 0x1, 0xef, 0xff,
    0xff, 0xfa, 0x0, 0x0, 0x3e, 0xff, 0xff, 0xfa,
    0x0, 0x0, 0x1, 0x7c, 0xff, 0xfa,

    /* U+007C "|" */
    0x8f, 0xff, 0xf5, 0x8f, 0xff, 0xf5, 0x8f, 0xff,
    0xf5, 0x8f, 0xff, 0xf5, 0x8f, 0xff, 0xf5, 0x8f,
    0xff, 0xf5, 0x8f, 0xff, 0xf5, 0x8f, 0xff, 0xf5,
    0x8f, 0xff, 0xf5, 0x8f, 0xff, 0xf5, 0x8f, 0xff,
    0xf5, 0x8f, 0xff, 0xf5, 0x8f, 0xff, 0xf5, 0x8f,
    0xff, 0xf5, 0x8f, 0xff, 0xf5, 0x8f, 0xff, 0xf5,
    0x8f, 0xff, 0xf5, 0x8f, 0xff, 0xf5, 0x8f, 0xff,
    0xf5, 0x8f, 0xff, 0xf5, 0x8f, 0xff, 0xf5, 0x8f,
    0xff, 0xf5, 0x8f, 0xff, 0xf5, 0x8f, 0xff, 0xf5,
    0x8f, 0xff, 0xf5, 0x8f, 0xff, 0xf5, 0x8f, 0xff,
    0xf5, 0x8f, 0xff, 0xf5, 0x8f, 0xff, 0xf5, 0x8f,
    0xff, 0xf5, 0x13, 0x33, 0x31,

    /* U+007D "}" */
    0x12, 0x10, 0x0, 0x0, 0x0, 0x0, 0xbf, 0xff,
    0xe9, 0x10, 0x0, 0x0, 0xbf, 0xff, 0xff, 0xe3,
    0x0, 0x0, 0xbf, 0xff, 0xff, 0xfe, 0x10, 0x0,
    0xbf, 0xff, 0xff, 0xff, 0x70, 0x0, 0x0, 0x19,
    0xff, 0xff, 0xc0, 0x0, 0x0, 0x0, 0xef, 0xff,
    0xd0, 0x0, 0x0, 0x0, 0xcf, 0xff, 0xd0, 0x0,
    0x0, 0x0, 0xdf, 0xff, 0xc0, 0x0, 0x0, 0x0,
    0xff, 0xff, 0xa0, 0x0, 0x0, 0x2, 0xff, 0xff,
    0x70, 0x0, 0x0, 0x4, 0xff, 0xff, 0x50, 0x0,
    0x0, 0x5, 0xff, 0xff, 0x30, 0x0, 0x0, 0x6,
    0xff, 0xff, 0x20, 0x0, 0x0, 0x5, 0xff, 0xff,
    0x40, 0x0, 0x0, 0x2, 0xff, 0xff, 0xb0, 0x0,
    0x0, 0x0, 0xcf, 0xff, 0xfc, 0x51, 0x0, 0x0,
    0x2e, 0xff, 0xff, 0xfd, 0x0, 0x0, 0x1, 0x8e,
    0xff, 0xfd, 0x0, 0x0, 0x3, 0xbf, 0xff, 0xfd,
    0x0, 0x0, 0x4f, 0xff, 0xff, 0xfc, 0x0, 0x0,
    0xdf, 0xff, 0xf9, 0x20, 0x0, 0x3, 0xff, 0xff,
    0xa0, 0x0, 0x0, 0x5, 0xff, 0xff, 0x40, 0x0,
    0x0, 0x6, 0xff, 0xff, 0x20, 0x0, 0x0, 0x5,
    0xff, 0xff, 0x40, 0x0, 0x0, 0x4, 0xff, 0xff,
    0x50, 0x0, 0x0, 0x1, 0xff, 0xff, 0x80, 0x0,
    0x0, 0x0, 0xff, 0xff, 0xb0, 0x0, 0x0, 0x0,
    0xdf, 0xff, 0xc0, 0x0, 0x0, 0x0, 0xcf, 0xff,
    0xe0, 0x0, 0x0, 0x0, 0xff, 0xff, 0xd0, 0x0,
    0x12, 0x3b, 0xff, 0xff, 0xb0, 0x0, 0xbf, 0xff,
    0xff, 0xff, 0x60, 0x0, 0xbf, 0xff, 0xff, 0xfd,
    0x0, 0x0, 0xbf, 0xff, 0xff, 0xd2, 0x0, 0x0,
    0xbf, 0xff, 0xc7, 0x0, 0x0, 0x0,

    /* U+007E "~" */
    0x0, 0x4, 0xbe, 0xfd, 0x70, 0x0, 0x0, 0xf,
    0xff, 0xa0, 0x8, 0xff, 0xff, 0xff, 0xe5, 0x0,
    0x5, 0xff, 0xf7, 0x6, 0xff, 0xff, 0xff, 0xff,
    0xfc, 0x79, 0xff, 0xff, 0x30, 0xef, 0xff, 0xff,
    0xff, 0xff, 0xff, 0xff, 0xff, 0xc0, 0x5f, 0xff,
    0xe8, 0x8d, 0xff, 0xff, 0xff, 0xff, 0xf3, 0xa,
    0xff, 0xf3, 0x0, 0x7, 0xff, 0xff, 0xff, 0xf6,
    0x0, 0xdf, 0xfc, 0x0, 0x0, 0x1, 0x9e, 0xfe,
    0xa3, 0x0, 0x0
};


/*---------------------
 *  GLYPH DESCRIPTION
 *--------------------*/

static const lv_font_fmt_txt_glyph_dsc_t glyph_dsc[] = {
    {.bitmap_index = 0, .adv_w = 0, .box_w = 0, .box_h = 0, .ofs_x = 0, .ofs_y = 0} /* id = 0 reserved */,
    {.bitmap_index = 0, .adv_w = 135, .box_w = 0, .box_h = 0, .ofs_x = 0, .ofs_y = 0},
    {.bitmap_index = 0, .adv_w = 178, .box_w = 7, .box_h = 26, .ofs_x = 2, .ofs_y = 0},
    {.bitmap_index = 91, .adv_w = 211, .box_w = 11, .box_h = 9, .ofs_x = 1, .ofs_y = 20},
    {.bitmap_index = 141, .adv_w = 494, .box_w = 29, .box_h = 27, .ofs_x = 1, .ofs_y = 0},
    {.bitmap_index = 533, .adv_w = 348, .box_w = 20, .box_h = 33, .ofs_x = 1, .ofs_y = -3},
    {.bitmap_index = 863, .adv_w = 520, .box_w = 30, .box_h = 26, .ofs_x = 1, .ofs_y = 0},
    {.bitmap_index = 1253, .adv_w = 450, .box_w = 27, .box_h = 26, .ofs_x = 1, .ofs_y = 0},
    {.bitmap_index = 1604, .adv_w = 113, .box_w = 5, .box_h = 9, .ofs_x = 1, .ofs_y = 20},
    {.bitmap_index = 1627, .adv_w = 233, .box_w = 13, .box_h = 36, .ofs_x = 1, .ofs_y = -5},
    {.bitmap_index = 1861, .adv_w = 233, .box_w = 12, .box_h = 36, .ofs_x = 1, .ofs_y = -5},
    {.bitmap_index = 2077, .adv_w = 295, .box_w = 15, .box_h = 14, .ofs_x = 2, .ofs_y = 13},
    {.bitmap_index = 2182, .adv_w = 334, .box_w = 19, .box_h = 17, .ofs_x = 1, .ofs_y = 2},
    {.bitmap_index = 2344, .adv_w = 142, .box_w = 8, .box_h = 10, .ofs_x = 0, .ofs_y = -5},
    {.bitmap_index = 2384, .adv_w = 332, .box_w = 16, .box_h = 5, .ofs_x = 2, .ofs_y = 9},
    {.bitmap_index = 2424, .adv_w = 145, .box_w = 7, .box_h = 6, .ofs_x = 1, .ofs_y = 0},
    {.bitmap_index = 2445, .adv_w = 246, .box_w = 15, .box_h = 33, .ofs_x = 0, .ofs_y = -4},
    {.bitmap_index = 2693, .adv_w = 406, .box_w = 23, .box_h = 26, .ofs_x = 1, .ofs_y = 0},
    {.bitmap_index = 2992, .adv_w = 210, .box_w = 10, .box_h = 26, .ofs_x = 1, .ofs_y = 0},
    {.bitmap_index = 3122, .adv_w = 332, .box_w = 19, .box_h = 26, .ofs_x = 1, .ofs_y = 0},
    {.bitmap_index = 3369, .adv_w = 347, .box_w = 19, .box_h = 26, .ofs_x = 1, .ofs_y = 0},
    {.bitmap_index = 3616, .adv_w = 374, .box_w = 22, .box_h = 26, .ofs_x = 1, .ofs_y = 0},
    {.bitmap_index = 3902, .adv_w = 358, .box_w = 19, .box_h = 26, .ofs_x = 2, .ofs_y = 0},
    {.bitmap_index = 4149, .adv_w = 365, .box_w = 20, .box_h = 26, .ofs_x = 1, .ofs_y = 0},
    {.bitmap_index = 4409, .adv_w = 309, .box_w = 18, .box_h = 26, .ofs_x = 1, .ofs_y = 0},
    {.bitmap_index = 4643, .adv_w = 365, .box_w = 19, .box_h = 26, .ofs_x = 2, .ofs_y = 0},
    {.bitmap_index = 4890, .adv_w = 366, .box_w = 20, .box_h = 26, .ofs_x = 2, .ofs_y = 0},
    {.bitmap_index = 5150, .adv_w = 146, .box_w = 7, .box_h = 19, .ofs_x = 1, .ofs_y = 0},
    {.bitmap_index = 5217, .adv_w = 160, .box_w = 8, .box_h = 24, .ofs_x = 1, .ofs_y = -5},
    {.bitmap_index = 5313, .adv_w = 334, .box_w = 15, .box_h = 17, .ofs_x = 3, .ofs_y = 2},
    {.bitmap_index = 5441, .adv_w = 334, .box_w = 17, .box_h = 13, .ofs_x = 2, .ofs_y = 4},
    {.bitmap_index = 5552, .adv_w = 334, .box_w = 15, .box_h = 17, .ofs_x = 3, .ofs_y = 2},
    {.bitmap_index = 5680, .adv_w = 310, .box_w = 17, .box_h = 26, .ofs_x = 1, .ofs_y = 0},
    {.bitmap_index = 5901, .adv_w = 602, .box_w = 33, .box_h = 32, .ofs_x = 2, .ofs_y = -8},
    {.bitmap_index = 6429, .adv_w = 408, .box_w = 25, .box_h = 26, .ofs_x = 0, .ofs_y = 0},
    {.bitmap_index = 6754, .adv_w = 367, .box_w = 20, .box_h = 26, .ofs_x = 2, .ofs_y = 0},
    {.bitmap_index = 7014, .adv_w = 425, .box_w = 24, .box_h = 26, .ofs_x = 1, .ofs_y = 0},
    {.bitmap_index = 7326, .adv_w = 407, .box_w = 22, .box_h = 26, .ofs_x = 2, .ofs_y = 0},
    {.bitmap_index = 7612, .adv_w = 336, .box_w = 18, .box_h = 26, .ofs_x = 2, .ofs_y = 0},
    {.bitmap_index = 7846, .adv_w = 320, .box_w = 17, .box_h = 26, .ofs_x = 2, .ofs_y = 0},
    {.bitmap_index = 8067, .adv_w = 448, .box_w = 25, .box_h = 26, .ofs_x = 1, .ofs_y = 0},
    {.bitmap_index = 8392, .adv_w = 411, .box_w = 22, .box_h = 26, .ofs_x = 2, .ofs_y = 0},
    {.bitmap_index = 8678, .adv_w = 157, .box_w = 6, .box_h = 26, .ofs_x = 2, .ofs_y = 0},
    {.bitmap_index = 8756, .adv_w = 312, .box_w = 16, .box_h = 26, .ofs_x = 1, .ofs_y = 0},
    {.bitmap_index = 8964, .adv_w = 376, .box_w = 21, .box_h = 26, .ofs_x = 2, .ofs_y = 0},
    {.bitmap_index = 9237, .adv_w = 321, .box_w = 17, .box_h = 26, .ofs_x = 2, .ofs_y = 0},
    {.bitmap_index = 9458, .adv_w = 510, .box_w = 28, .box_h = 26, .ofs_x = 2, .ofs_y = 0},
    {.bitmap_index = 9822, .adv_w = 420, .box_w = 22, .box_h = 26, .ofs_x = 2, .ofs_y = 0},
    {.bitmap_index = 10108, .adv_w = 452, .box_w = 26, .box_h = 26, .ofs_x = 1, .ofs_y = 0},
    {.bitmap_index = 10446, .adv_w = 354, .box_w = 19, .box_h = 26, .ofs_x = 2, .ofs_y = 0},
    {.bitmap_index = 10693, .adv_w = 452, .box_w = 26, .box_h = 30, .ofs_x = 1, .ofs_y = -4},
    {.bitmap_index = 11083, .adv_w = 363, .box_w = 20, .box_h = 26, .ofs_x = 2, .ofs_y = 0},
    {.bitmap_index = 11343, .adv_w = 348, .box_w = 20, .box_h = 26, .ofs_x = 1, .ofs_y = 0},
    {.bitmap_index = 11603, .adv_w = 344, .box_w = 21, .box_h = 26, .ofs_x = 0, .ofs_y = 0},
    {.bitmap_index = 11876, .adv_w = 395, .box_w = 21, .box_h = 26, .ofs_x = 2, .ofs_y = 0},
    {.bitmap_index = 12149, .adv_w = 407, .box_w = 25, .box_h = 26, .ofs_x = 0, .ofs_y = 0},
    {.bitmap_index = 12474, .adv_w = 586, .box_w = 36, .box_h = 26, .ofs_x = 0, .ofs_y = 0},
    {.bitmap_index = 12942, .adv_w = 386, .box_w = 22, .box_h = 26, .ofs_x = 1, .ofs_y = 0},
    {.bitmap_index = 13228, .adv_w = 366, .box_w = 23, .box_h = 26, .ofs_x = 0, .ofs_y = 0},
    {.bitmap_index = 13527, .adv_w = 332, .box_w = 19, .box_h = 26, .ofs_x = 1, .ofs_y = 0},
    {.bitmap_index = 13774, .adv_w = 217, .box_w = 10, .box_h = 37, .ofs_x = 2, .ofs_y = -6},
    {.bitmap_index = 13959, .adv_w = 246, .box_w = 15, .box_h = 33, .ofs_x = 0, .ofs_y = -4},
    {.bitmap_index = 14207, .adv_w = 217, .box_w = 11, .box_h = 37, .ofs_x = 1, .ofs_y = -6},
    {.bitmap_index = 14411, .adv_w = 390, .box_w = 23, .box_h = 19, .ofs_x = 1, .ofs_y = 7},
    {.bitmap_index = 14630, .adv_w = 418, .box_w = 22, .box_h = 5, .ofs_x = 2, .ofs_y = -6},
    {.bitmap_index = 14685, .adv_w = 135, .box_w = 9, .box_h = 9, .ofs_x = 0, .ofs_y = 20},
    {.bitmap_index = 14726, .adv_w = 338, .box_w = 18, .box_h = 19, .ofs_x = 1, .ofs_y = 0},
    {.bitmap_index = 14897, .adv_w = 377, .box_w = 20, .box_h = 27, .ofs_x = 2, .ofs_y = 0},
    {.bitmap_index = 15167, .adv_w = 350, .box_w = 20, .box_h = 19, .ofs_x = 1, .ofs_y = 0},
    {.bitmap_index = 15357, .adv_w = 377, .box_w = 21, .box_h = 27, .ofs_x = 1, .ofs_y = 0},
    {.bitmap_index = 15641, .adv_w = 347, .box_w = 20, .box_h = 19, .ofs_x = 1, .ofs_y = 0},
    {.bitmap_index = 15831, .adv_w = 214, .box_w = 12, .box_h = 27, .ofs_x = 0, .ofs_y = 0},
    {.bitmap_index = 15993, .adv_w = 343, .box_w = 19, .box_h = 27, .ofs_x = 1, .ofs_y = -8},
    {.bitmap_index = 16250, .adv_w = 356, .box_w = 19, .box_h = 27, .ofs_x = 2, .ofs_y = 0},
    {.bitmap_index = 16507, .adv_w = 158, .box_w = 7, .box_h = 27, .ofs_x = 1, .ofs_y = 0},
    {.bitmap_index = 16602, .adv_w = 158, .box_w = 10, .box_h = 35, .ofs_x = -2, .ofs_y = -8},
    {.bitmap_index = 16777, .adv_w = 333, .box_w = 19, .box_h = 27, .ofs_x = 2, .ofs_y = 0},
    {.bitmap_index = 17034, .adv_w = 154, .box_w = 6, .box_h = 27, .ofs_x = 2, .ofs_y = 0},
    {.bitmap_index = 17115, .adv_w = 542, .box_w = 30, .box_h = 19, .ofs_x = 2, .ofs_y = 0},
    {.bitmap_index = 17400, .adv_w = 355, .box_w = 19, .box_h = 19, .ofs_x = 2, .ofs_y = 0},
    {.bitmap_index = 17581, .adv_w = 351, .box_w = 20, .box_h = 19, .ofs_x = 1, .ofs_y = 0},
    {.bitmap_index = 17771, .adv_w = 377, .box_w = 20, .box_h = 27, .ofs_x = 2, .ofs_y = -8},
    {.bitmap_index = 18041, .adv_w = 377, .box_w = 21, .box_h = 27, .ofs_x = 1, .ofs_y = -8},
    {.bitmap_index = 18325, .adv_w = 236, .box_w = 12, .box_h = 19, .ofs_x = 2, .ofs_y = 0},
    {.bitmap_index = 18439, .adv_w = 306, .box_w = 17, .box_h = 19, .ofs_x = 1, .ofs_y = 0},
    {.bitmap_index = 18601, .adv_w = 249, .box_w = 13, .box_h = 24, .ofs_x = 1, .ofs_y = 0},
    {.bitmap_index = 18757, .adv_w = 355, .box_w = 18, .box_h = 19, .ofs_x = 2, .ofs_y = 0},
    {.bitmap_index = 18928, .adv_w = 325, .box_w = 20, .box_h = 19, .ofs_x = 0, .ofs_y = 0},
    {.bitmap_index = 19118, .adv_w = 472, .box_w = 29, .box_h = 19, .ofs_x = 0, .ofs_y = 0},
    {.bitmap_index = 19394, .adv_w = 329, .box_w = 20, .box_h = 19, .ofs_x = 0, .ofs_y = 0},
    {.bitmap_index = 19584, .adv_w = 348, .box_w = 22, .box_h = 27, .ofs_x = 0, .ofs_y = -8},
    {.bitmap_index = 19881, .adv_w = 282, .box_w = 16, .box_h = 19, .ofs_x = 1, .ofs_y = 0},
    {.bitmap_index = 20033, .adv_w = 271, .box_w = 12, .box_h = 37, .ofs_x = 3, .ofs_y = -7},
    {.bitmap_index = 20255, .adv_w = 157, .box_w = 6, .box_h = 31, .ofs_x = 2, .ofs_y = -4},
    {.bitmap_index = 20348, .adv_w = 271, .box_w = 12, .box_h = 37, .ofs_x = 2, .ofs_y = -7},
    {.bitmap_index = 20570, .adv_w = 334, .box_w = 19, .box_h = 7, .ofs_x = 1, .ofs_y = 8}
};

/*---------------------
 *  CHARACTER MAPPING
 *--------------------*/



/*Collect the unicode lists and glyph_id offsets*/
static const lv_font_fmt_txt_cmap_t cmaps[] =
{
    {
        .range_start = 32, .range_length = 95, .glyph_id_start = 1,
        .unicode_list = NULL, .glyph_id_ofs_list = NULL, .list_length = 0, .type = LV_FONT_FMT_TXT_CMAP_FORMAT0_TINY
    }
};

/*-----------------
 *    KERNING
 *----------------*/


/*Pair left and right glyphs for kerning*/
static const uint8_t kern_pair_glyph_ids[] =
{
    2, 11,
    3, 21,
    3, 22,
    3, 24,
    3, 33,
    3, 34,
    3, 43,
    3, 68,
    3, 69,
    3, 70,
    3, 72,
    3, 80,
    3, 82,
    5, 53,
    5, 55,
    5, 56,
    5, 58,
    7, 3,
    7, 6,
    7, 8,
    7, 11,
    7, 21,
    7, 24,
    7, 26,
    7, 32,
    7, 36,
    7, 40,
    7, 48,
    7, 50,
    7, 53,
    7, 55,
    7, 56,
    7, 58,
    7, 61,
    7, 87,
    7, 88,
    7, 90,
    8, 21,
    8, 22,
    8, 24,
    8, 33,
    8, 34,
    8, 43,
    8, 68,
    8, 69,
    8, 70,
    8, 72,
    8, 80,
    8, 82,
    9, 7,
    9, 17,
    9, 21,
    9, 23,
    9, 25,
    9, 26,
    9, 33,
    9, 34,
    9, 36,
    9, 40,
    9, 48,
    9, 50,
    9, 66,
    9, 68,
    9, 69,
    9, 70,
    9, 80,
    9, 82,
    9, 84,
    9, 85,
    11, 2,
    11, 7,
    11, 16,
    11, 21,
    11, 22,
    11, 23,
    11, 25,
    11, 33,
    11, 34,
    11, 43,
    11, 64,
    11, 66,
    11, 68,
    11, 69,
    11, 70,
    11, 80,
    11, 82,
    11, 84,
    12, 16,
    12, 24,
    12, 34,
    12, 53,
    12, 55,
    12, 56,
    12, 58,
    13, 6,
    13, 36,
    13, 40,
    13, 48,
    13, 50,
    13, 53,
    13, 55,
    13, 56,
    13, 58,
    13, 61,
    13, 85,
    13, 87,
    13, 88,
    13, 90,
    14, 16,
    14, 24,
    14, 34,
    14, 53,
    14, 55,
    14, 56,
    14, 58,
    14, 61,
    15, 6,
    15, 17,
    15, 18,
    15, 23,
    15, 24,
    15, 26,
    15, 29,
    15, 32,
    15, 36,
    15, 40,
    15, 48,
    15, 50,
    15, 53,
    15, 54,
    15, 55,
    15, 56,
    15, 58,
    15, 61,
    15, 87,
    15, 88,
    15, 90,
    15, 92,
    16, 7,
    16, 11,
    16, 12,
    16, 13,
    16, 14,
    16, 15,
    16, 16,
    16, 17,
    16, 20,
    16, 21,
    16, 22,
    16, 23,
    16, 25,
    16, 26,
    16, 33,
    16, 35,
    16, 36,
    16, 37,
    16, 38,
    16, 39,
    16, 40,
    16, 41,
    16, 42,
    16, 43,
    16, 44,
    16, 45,
    16, 46,
    16, 47,
    16, 48,
    16, 49,
    16, 50,
    16, 51,
    16, 53,
    16, 55,
    16, 56,
    16, 58,
    16, 64,
    16, 66,
    16, 68,
    16, 69,
    16, 70,
    16, 72,
    16, 78,
    16, 79,
    16, 80,
    16, 82,
    16, 83,
    16, 84,
    16, 93,
    17, 10,
    17, 13,
    17, 15,
    17, 16,
    17, 19,
    17, 24,
    17, 34,
    17, 53,
    17, 55,
    17, 56,
    17, 57,
    17, 58,
    17, 61,
    17, 64,
    19, 4,
    19, 12,
    19, 17,
    19, 21,
    19, 24,
    19, 25,
    19, 26,
    19, 36,
    19, 40,
    19, 48,
    19, 50,
    19, 53,
    19, 55,
    19, 56,
    19, 58,
    19, 68,
    19, 69,
    19, 70,
    19, 71,
    19, 80,
    19, 82,
    19, 87,
    19, 89,
    20, 6,
    20, 11,
    20, 16,
    20, 18,
    20, 24,
    20, 26,
    20, 33,
    20, 34,
    20, 53,
    20, 55,
    20, 56,
    20, 57,
    20, 58,
    20, 61,
    21, 6,
    21, 7,
    21, 11,
    21, 53,
    21, 55,
    21, 56,
    21, 58,
    21, 90,
    22, 3,
    22, 4,
    22, 8,
    22, 11,
    22, 16,
    22, 19,
    22, 24,
    22, 26,
    22, 33,
    22, 34,
    22, 53,
    22, 55,
    22, 56,
    22, 57,
    22, 58,
    22, 64,
    22, 72,
    22, 88,
    22, 90,
    23, 6,
    23, 10,
    23, 11,
    23, 15,
    23, 16,
    23, 19,
    23, 22,
    23, 24,
    23, 26,
    23, 33,
    23, 34,
    23, 53,
    23, 55,
    23, 56,
    23, 57,
    23, 58,
    23, 61,
    23, 64,
    23, 72,
    24, 3,
    24, 7,
    24, 8,
    24, 12,
    24, 13,
    24, 14,
    24, 15,
    24, 16,
    24, 17,
    24, 18,
    24, 19,
    24, 20,
    24, 21,
    24, 22,
    24, 23,
    24, 25,
    24, 26,
    24, 28,
    24, 29,
    24, 33,
    24, 34,
    24, 36,
    24, 40,
    24, 43,
    24, 48,
    24, 50,
    24, 55,
    24, 56,
    24, 64,
    24, 66,
    24, 68,
    24, 69,
    24, 70,
    24, 71,
    24, 72,
    24, 78,
    24, 79,
    24, 80,
    24, 81,
    24, 82,
    24, 83,
    24, 84,
    25, 10,
    25, 11,
    25, 16,
    25, 18,
    25, 19,
    25, 24,
    25, 26,
    25, 33,
    25, 34,
    25, 53,
    25, 55,
    25, 56,
    25, 57,
    25, 58,
    25, 61,
    25, 64,
    25, 88,
    26, 10,
    26, 15,
    26, 16,
    26, 18,
    26, 19,
    26, 20,
    26, 24,
    26, 25,
    26, 34,
    26, 53,
    26, 55,
    26, 56,
    26, 57,
    26, 58,
    26, 61,
    26, 64,
    27, 55,
    27, 58,
    28, 53,
    28, 58,
    29, 10,
    29, 33,
    31, 10,
    31, 15,
    31, 24,
    31, 33,
    32, 10,
    32, 13,
    32, 15,
    32, 16,
    32, 33,
    32, 34,
    32, 43,
    32, 57,
    32, 64,
    33, 3,
    33, 6,
    33, 8,
    33, 10,
    33, 11,
    33, 13,
    33, 15,
    33, 16,
    33, 18,
    33, 19,
    33, 20,
    33, 21,
    33, 24,
    33, 25,
    33, 29,
    33, 31,
    33, 32,
    33, 34,
    33, 53,
    33, 55,
    33, 56,
    33, 57,
    33, 58,
    33, 61,
    33, 64,
    33, 88,
    33, 90,
    34, 3,
    34, 8,
    34, 10,
    34, 11,
    34, 12,
    34, 14,
    34, 17,
    34, 18,
    34, 20,
    34, 21,
    34, 22,
    34, 23,
    34, 24,
    34, 25,
    34, 26,
    34, 32,
    34, 33,
    34, 36,
    34, 40,
    34, 48,
    34, 50,
    34, 53,
    34, 54,
    34, 55,
    34, 56,
    34, 58,
    34, 61,
    34, 66,
    34, 68,
    34, 69,
    34, 70,
    34, 71,
    34, 80,
    34, 82,
    34, 85,
    34, 86,
    34, 87,
    34, 88,
    34, 90,
    34, 92,
    35, 26,
    35, 34,
    35, 53,
    35, 55,
    35, 56,
    35, 57,
    35, 58,
    36, 10,
    36, 34,
    36, 53,
    36, 56,
    36, 57,
    36, 58,
    37, 10,
    37, 13,
    37, 15,
    37, 16,
    37, 19,
    37, 24,
    37, 34,
    37, 53,
    37, 55,
    37, 56,
    37, 57,
    37, 58,
    37, 61,
    37, 64,
    37, 94,
    39, 7,
    39, 13,
    39, 15,
    39, 25,
    39, 33,
    39, 34,
    39, 43,
    39, 64,
    39, 66,
    39, 68,
    39, 69,
    39, 70,
    39, 80,
    39, 82,
    39, 84,
    40, 58,
    43, 15,
    43, 34,
    44, 7,
    44, 12,
    44, 14,
    44, 17,
    44, 20,
    44, 21,
    44, 23,
    44, 25,
    44, 26,
    44, 32,
    44, 36,
    44, 40,
    44, 48,
    44, 50,
    44, 66,
    44, 68,
    44, 69,
    44, 70,
    44, 80,
    44, 82,
    44, 84,
    44, 85,
    44, 86,
    44, 87,
    44, 88,
    44, 90,
    45, 3,
    45, 5,
    45, 6,
    45, 8,
    45, 11,
    45, 12,
    45, 14,
    45, 17,
    45, 18,
    45, 21,
    45, 22,
    45, 23,
    45, 24,
    45, 26,
    45, 32,
    45, 36,
    45, 40,
    45, 48,
    45, 50,
    45, 52,
    45, 53,
    45, 54,
    45, 55,
    45, 56,
    45, 58,
    45, 61,
    45, 68,
    45, 69,
    45, 70,
    45, 80,
    45, 82,
    45, 85,
    45, 87,
    45, 88,
    45, 90,
    48, 10,
    48, 13,
    48, 15,
    48, 16,
    48, 19,
    48, 24,
    48, 34,
    48, 53,
    48, 55,
    48, 56,
    48, 57,
    48, 58,
    48, 61,
    48, 64,
    48, 94,
    49, 7,
    49, 10,
    49, 12,
    49, 13,
    49, 15,
    49, 16,
    49, 21,
    49, 22,
    49, 25,
    49, 33,
    49, 34,
    49, 43,
    49, 57,
    49, 58,
    49, 59,
    49, 64,
    49, 66,
    49, 68,
    49, 69,
    49, 70,
    49, 72,
    49, 80,
    49, 82,
    51, 12,
    51, 21,
    51, 22,
    51, 25,
    51, 55,
    51, 56,
    51, 58,
    51, 66,
    51, 68,
    51, 69,
    51, 70,
    51, 80,
    51, 82,
    51, 84,
    52, 53,
    52, 55,
    52, 56,
    52, 58,
    53, 5,
    53, 7,
    53, 12,
    53, 13,
    53, 14,
    53, 15,
    53, 16,
    53, 17,
    53, 19,
    53, 20,
    53, 21,
    53, 25,
    53, 26,
    53, 28,
    53, 32,
    53, 33,
    53, 34,
    53, 36,
    53, 40,
    53, 43,
    53, 48,
    53, 50,
    53, 52,
    53, 61,
    53, 64,
    53, 66,
    53, 68,
    53, 69,
    53, 70,
    53, 72,
    53, 78,
    53, 79,
    53, 80,
    53, 81,
    53, 82,
    53, 83,
    53, 84,
    53, 85,
    53, 86,
    53, 87,
    53, 88,
    53, 89,
    53, 90,
    53, 91,
    53, 92,
    54, 15,
    54, 16,
    54, 34,
    54, 64,
    55, 5,
    55, 7,
    55, 12,
    55, 13,
    55, 14,
    55, 15,
    55, 16,
    55, 17,
    55, 19,
    55, 20,
    55, 21,
    55, 22,
    55, 23,
    55, 24,
    55, 25,
    55, 26,
    55, 27,
    55, 33,
    55, 34,
    55, 36,
    55, 40,
    55, 43,
    55, 48,
    55, 50,
    55, 52,
    55, 61,
    55, 64,
    55, 66,
    55, 68,
    55, 69,
    55, 70,
    55, 72,
    55, 78,
    55, 79,
    55, 80,
    55, 82,
    55, 83,
    55, 84,
    55, 85,
    55, 86,
    55, 87,
    56, 5,
    56, 7,
    56, 12,
    56, 13,
    56, 14,
    56, 15,
    56, 16,
    56, 17,
    56, 19,
    56, 20,
    56, 21,
    56, 22,
    56, 23,
    56, 25,
    56, 26,
    56, 28,
    56, 33,
    56, 34,
    56, 36,
    56, 40,
    56, 43,
    56, 48,
    56, 50,
    56, 52,
    56, 64,
    56, 66,
    56, 68,
    56, 69,
    56, 70,
    56, 72,
    56, 78,
    56, 79,
    56, 80,
    56, 82,
    56, 83,
    56, 84,
    56, 86,
    56, 87,
    56, 92,
    57, 17,
    57, 20,
    57, 21,
    57, 22,
    57, 23,
    57, 25,
    57, 26,
    57, 32,
    57, 33,
    57, 36,
    57, 40,
    57, 48,
    57, 50,
    57, 66,
    57, 68,
    57, 69,
    57, 70,
    57, 80,
    57, 82,
    57, 84,
    57, 86,
    57, 87,
    57, 88,
    57, 90,
    58, 3,
    58, 5,
    58, 7,
    58, 8,
    58, 12,
    58, 13,
    58, 14,
    58, 15,
    58, 16,
    58, 17,
    58, 19,
    58, 20,
    58, 21,
    58, 22,
    58, 23,
    58, 25,
    58, 26,
    58, 27,
    58, 28,
    58, 33,
    58, 34,
    58, 36,
    58, 40,
    58, 43,
    58, 48,
    58, 50,
    58, 52,
    58, 64,
    58, 66,
    58, 68,
    58, 69,
    58, 70,
    58, 72,
    58, 78,
    58, 79,
    58, 80,
    58, 82,
    58, 83,
    58, 84,
    58, 85,
    58, 86,
    58, 87,
    58, 88,
    58, 90,
    58, 91,
    58, 92,
    59, 21,
    59, 36,
    59, 40,
    59, 48,
    59, 50,
    61, 3,
    61, 8,
    61, 13,
    61, 14,
    61, 17,
    61, 23,
    61, 24,
    61, 25,
    61, 26,
    61, 32,
    61, 36,
    61, 40,
    61, 48,
    61, 50,
    61, 53,
    61, 55,
    61, 56,
    61, 58,
    61, 61,
    61, 64,
    61, 68,
    61, 69,
    61, 70,
    61, 80,
    61, 82,
    64, 7,
    64, 11,
    64, 17,
    64, 18,
    64, 21,
    64, 22,
    64, 23,
    64, 24,
    64, 25,
    64, 26,
    64, 32,
    64, 36,
    64, 40,
    64, 48,
    64, 50,
    64, 53,
    64, 54,
    64, 55,
    64, 56,
    64, 58,
    64, 61,
    64, 75,
    66, 11,
    66, 24,
    66, 61,
    66, 85,
    66, 87,
    66, 88,
    66, 90,
    67, 3,
    67, 8,
    67, 10,
    67, 11,
    67, 16,
    67, 18,
    67, 24,
    67, 26,
    67, 32,
    67, 61,
    67, 72,
    67, 85,
    67, 87,
    67, 88,
    67, 89,
    67, 90,
    67, 94,
    68, 10,
    68, 11,
    68, 24,
    68, 32,
    68, 61,
    68, 85,
    68, 87,
    70, 3,
    70, 8,
    70, 11,
    70, 24,
    70, 32,
    70, 61,
    70, 72,
    70, 85,
    70, 87,
    70, 88,
    70, 89,
    70, 90,
    71, 15,
    71, 21,
    71, 33,
    71, 66,
    71, 68,
    71, 69,
    71, 70,
    71, 72,
    71, 80,
    71, 82,
    71, 84,
    72, 68,
    72, 69,
    72, 70,
    72, 75,
    72, 80,
    72, 82,
    72, 87,
    73, 3,
    73, 8,
    73, 11,
    73, 61,
    73, 87,
    73, 90,
    76, 66,
    76, 68,
    76, 69,
    76, 70,
    76, 80,
    76, 82,
    76, 84,
    78, 3,
    78, 8,
    78, 11,
    78, 61,
    78, 87,
    78, 90,
    79, 3,
    79, 8,
    79, 11,
    79, 61,
    79, 87,
    79, 90,
    80, 3,
    80, 8,
    80, 10,
    80, 11,
    80, 16,
    80, 18,
    80, 24,
    80, 26,
    80, 32,
    80, 61,
    80, 72,
    80, 85,
    80, 87,
    80, 88,
    80, 89,
    80, 90,
    80, 94,
    81, 3,
    81, 8,
    81, 10,
    81, 11,
    81, 16,
    81, 18,
    81, 24,
    81, 26,
    81, 32,
    81, 61,
    81, 72,
    81, 85,
    81, 87,
    81, 88,
    81, 89,
    81, 90,
    81, 94,
    82, 61,
    82, 75,
    83, 13,
    83, 15,
    83, 19,
    83, 20,
    83, 27,
    83, 68,
    83, 69,
    83, 70,
    83, 72,
    83, 80,
    83, 82,
    84, 10,
    84, 11,
    84, 18,
    84, 24,
    84, 26,
    84, 32,
    84, 61,
    84, 85,
    84, 87,
    84, 88,
    84, 90,
    85, 13,
    85, 19,
    85, 68,
    85, 69,
    85, 70,
    85, 80,
    85, 82,
    87, 7,
    87, 13,
    87, 15,
    87, 19,
    87, 21,
    87, 33,
    87, 66,
    87, 68,
    87, 69,
    87, 70,
    87, 71,
    87, 72,
    87, 80,
    87, 82,
    87, 84,
    87, 85,
    88, 13,
    88, 15,
    88, 21,
    88, 25,
    88, 33,
    88, 66,
    88, 68,
    88, 69,
    88, 70,
    88, 72,
    88, 80,
    88, 82,
    89, 66,
    89, 68,
    89, 69,
    89, 70,
    89, 80,
    89, 82,
    90, 7,
    90, 13,
    90, 15,
    90, 16,
    90, 21,
    90, 24,
    90, 33,
    90, 66,
    90, 68,
    90, 69,
    90, 70,
    90, 72,
    90, 80,
    90, 82,
    90, 84,
    91, 21,
    92, 36,
    92, 40,
    92, 48,
    92, 50,
    92, 68,
    92, 69,
    92, 70,
    92, 80,
    92, 82,
    94, 13,
    94, 15,
    94, 34,
    94, 53,
    94, 56,
    94, 58
};

/* Kerning between the respective left and right glyphs
 * 4.4 format which needs to scaled with `kern_scale`*/
static const int8_t kern_pair_values[] =
{
    -15, -36, -17, 17, -46, -38, -40, -31,
    -31, -31, -23, -31, -31, -4, -12, -4,
    -17, -38, -19, -38, -39, -11, -6, -12,
    -23, -7, -7, -7, -7, -31, -32, -21,
    -38, -31, -7, -7, -7, -36, -17, 17,
    -46, -38, -40, -31, -31, -31, -23, -31,
    -31, -23, -20, -20, -17, -26, -21, -20,
    -8, -33, -33, -33, -33, -26, -26, -26,
    -26, -26, -26, -12, -4, -15, -26, -69,
    -58, -25, -21, -17, -32, -55, -37, -47,
    -17, -19, -19, -19, -19, -19, -14, -21,
    -13, -16, -31, -27, -27, -44, -34, -12,
    -12, -12, -12, -46, -44, -32, -51, -36,
    -17, -25, -17, -32, -25, -31, -17, -29,
    -20, -20, -31, -25, -48, -23, -19, -17,
    -17, -17, -35, -20, -17, -17, -17, -17,
    -46, -12, -46, -40, -54, -35, -23, -8,
    -23, -29, -29, -15, -27, -35, -32, -69,
    -69, -12, -20, -37, -17, -14, -8, -20,
    -47, 27, -17, 27, 27, 27, -17, 27,
    27, -23, 27, 27, 27, 27, -17, 27,
    -17, 27, 12, 17, 7, 15, -83, -32,
    -29, -29, -29, -25, -11, -11, -29, -29,
    -11, -17, 27, -20, -17, -23, -23, -2,
    -3, -23, -16, -20, -23, -26, -23, -20,
    -35, 11, -6, -2, -4, -4, -4, -2,
    -2, -2, -2, -2, -5, -8, -6, -10,
    -4, -4, -4, 7, -4, -4, 7, 7,
    -4, -12, -21, -4, -4, -14, -14, -20,
    -8, -16, -21, -23, -25, -20, -11, 20,
    -31, -23, -16, -15, -17, -15, -4, 11,
    -4, -21, -17, -4, -4, -14, -6, -23,
    -4, -8, -8, -23, -18, -25, -7, -4,
    -4, -4, -17, -21, -20, -20, -6, -12,
    -6, -12, -6, -20, -8, -8, -23, -24,
    -31, -10, -23, -4, 17, -21, 17, -6,
    -29, -8, -35, -44, -3, 11, -6, -6,
    -31, -14, -6, -4, -6, -16, -16, -45,
    -44, -6, -6, -23, -6, -6, 12, 7,
    -27, -8, -28, -28, -28, 7, -34, -6,
    -6, -28, -8, -28, -6, -22, -26, -17,
    -8, -12, -4, -6, -14, -6, -14, -8,
    -18, -23, -23, -25, -20, -31, -4, -25,
    -17, -29, -4, -4, -4, -6, -4, -27,
    -8, -17, -21, -32, -29, -17, -29, -17,
    -21, -25, -7, -23, -23, -31, -35, -23,
    -33, -40, -40, -55, -44, -27, -40, -25,
    -12, -52, -25, -23, -25, -37, -25, -25,
    -17, -29, -3, -16, -12, -4, -25, -6,
    -17, -25, -17, -24, -27, -35, -26, -27,
    -48, -29, -35, -4, -12, -38, -38, -8,
    -55, -16, -17, -23, -17, -12, -9, -20,
    -17, -6, -14, -20, -20, -4, -23, -23,
    -23, -23, -43, -17, -50, -40, -48, -35,
    -12, -13, -13, -13, -4, -13, -13, -29,
    -5, -32, -20, -35, -27, -5, -3, -4,
    -12, -12, -12, -17, -17, -4, -4, -7,
    -12, -21, -33, -23, -17, -26, -4, -17,
    -25, -13, -13, -17, -29, -26, -6, -10,
    -21, -12, -35, -35, -4, -23, -44, -27,
    -23, -25, -15, -15, -15, -15, -15, -12,
    -23, -12, -17, -8, -29, -35, -16, -12,
    -15, -20, -17, -14, -9, -30, -30, -30,
    -30, -21, -25, -25, -25, -25, -25, -2,
    -15, -4, -17, -17, -29, -35, -17, -38,
    -35, -59, -27, -37, -20, -21, -8, -14,
    -15, -25, -27, -14, -36, -36, -36, -36,
    -17, -67, -17, -69, -40, -58, -23, -13,
    -13, -13, -13, -13, -29, -33, -17, -38,
    -33, -23, -17, -26, -4, -17, -25, -13,
    -13, -17, -29, -26, -6, -10, -21, -20,
    -17, -4, -54, -40, -43, -27, -4, -3,
    -21, -42, -39, -17, -3, -12, -39, -19,
    -14, -14, -14, -23, -14, -14, -4, -14,
    -12, -4, -14, -4, -14, -12, -17, -17,
    -17, -17, -17, -4, -4, -12, -4, -17,
    -4, -29, -31, -46, -29, -46, -38, -16,
    -5, -5, -35, -8, -4, -32, 12, -50,
    -43, -13, -13, -54, -13, -13, -4, 11,
    -35, -50, -52, -52, -52, -52, -27, -27,
    -52, -25, -52, -27, -37, -8, -29, -35,
    -33, -21, -29, -20, -17, -12, -17, -17,
    -23, -17, -35, -27, -44, -20, -46, -43,
    -20, -6, -4, -41, -6, -8, 12, -18,
    -12, -17, -55, -50, -13, -13, -35, -13,
    -13, -17, 15, -54, -37, -35, -35, -35,
    -38, -14, -14, -35, -35, -14, -27, -12,
    -3, -4, -4, -29, -27, -35, -20, -40,
    -35, -23, -6, -12, -29, -8, -23, -23,
    -15, -21, -46, -40, -17, -17, -23, -17,
    -17, -4, -40, -34, -31, -31, -31, -26,
    -4, -4, -31, -31, -4, -20, -3, -4,
    -17, -26, -12, -29, -26, -20, -23, -23,
    -15, -6, -29, -29, -29, -29, -15, -21,
    -21, -21, -21, -21, -11, -19, -17, -17,
    -15, 20, -23, -40, 20, -44, -46, -31,
    -54, -38, -23, -6, -21, -51, -21, -25,
    -25, -20, -21, -32, -63, -48, -26, -26,
    -50, -26, -26, -23, -40, -48, -52, -52,
    -52, -50, -20, -20, -52, -52, -20, -40,
    -17, -17, -20, -4, -12, -12, -29, -6,
    -12, -12, -12, -12, -55, -55, 27, -17,
    -14, -21, -6, -20, -17, -17, -4, -4,
    -4, -4, -18, -35, -27, -40, -73, 26,
    -17, -17, -17, -17, -17, -23, -47, -35,
    -32, -32, -31, -43, -8, -31, -40, -25,
    -10, -10, -10, -10, -35, -23, -54, -40,
    -40, -87, 22, -25, -6, -26, -3, -9,
    -2, -10, -31, -31, -26, -28, -9, -23,
    -37, -4, -17, -43, -18, -12, -13, -10,
    -15, -26, -29, -11, -19, -4, -17, -31,
    -3, -10, -31, -31, -19, -20, -12, -32,
    -7, -4, -12, -12, -20, -14, -17, -12,
    -16, -12, -12, -12, -12, -23, -12, -12,
    -9, -12, -12, -12, 12, -12, -12, 7,
    -29, -29, -19, -23, -2, -10, -11, -24,
    -24, -24, -24, -24, -14, -29, -29, -19,
    -23, -2, -10, -29, -29, -19, -23, -2,
    -10, -31, -31, -26, -28, -9, -23, -37,
    -4, -17, -43, -18, -12, -13, -10, -15,
    -26, -29, -31, -31, -26, -28, -9, -23,
    -37, -4, -17, -43, -18, -12, -13, -10,
    -15, -26, -29, -20, 18, -21, -23, 18,
    7, 4, -5, -5, -5, -7, -5, -5,
    -7, -22, -4, -21, -12, -14, -29, -9,
    -13, -9, -15, 13, 17, -7, -7, -7,
    -7, -7, -9, -29, -23, 7, -12, -25,
    -17, -13, -13, -13, 12, -15, -13, -13,
    -10, 7, -17, -8, -4, -4, -23, -15,
    -10, -10, -10, -12, -10, -10, -7, -15,
    -15, -15, -15, -15, -7, -38, -44, -23,
    -17, 11, -31, -24, -25, -25, -25, -21,
    -25, -25, -14, -6, -21, -21, -21, -21,
    -29, -29, -29, -29, -29, -21, -29, -27,
    -17, -17, -29
};

/*Collect the kern pair's data in one place*/
static const lv_font_fmt_txt_kern_pair_t kern_pairs =
{
    .glyph_ids = kern_pair_glyph_ids,
    .values = kern_pair_values,
    .pair_cnt = 1075,
    .glyph_ids_size = 0
};

/*--------------------
 *  ALL CUSTOM DATA
 *--------------------*/

#if LVGL_VERSION_MAJOR == 8
/*Store all the custom data of the font*/
static  lv_font_fmt_txt_glyph_cache_t cache;
#endif

#if LVGL_VERSION_MAJOR >= 8
static const lv_font_fmt_txt_dsc_t font_dsc = {
#else
static lv_font_fmt_txt_dsc_t font_dsc = {
#endif
    .glyph_bitmap = glyph_bitmap,
    .glyph_dsc = glyph_dsc,
    .cmaps = cmaps,
    .kern_dsc = &kern_pairs,
    .kern_scale = 16,
    .cmap_num = 1,
    .bpp = 4,
    .kern_classes = 0,
    .bitmap_format = 0,
#if LVGL_VERSION_MAJOR == 8
    .cache = &cache
#endif
};



/*-----------------
 *  PUBLIC FONT
 *----------------*/

/*Initialize a public general font descriptor*/
#if LVGL_VERSION_MAJOR >= 8
const lv_font_t dm_sans_36_bold = {
#else
lv_font_t dm_sans_36_bold = {
#endif
    .get_glyph_dsc = lv_font_get_glyph_dsc_fmt_txt,    /*Function pointer to get glyph's data*/
    .get_glyph_bitmap = lv_font_get_bitmap_fmt_txt,    /*Function pointer to get glyph's bitmap*/
    .line_height = 39,          /*The maximum line height required by the font*/
    .base_line = 8,             /*Baseline measured from the bottom of the line*/
#if !(LVGL_VERSION_MAJOR == 6 && LVGL_VERSION_MINOR == 0)
    .subpx = LV_FONT_SUBPX_NONE,
#endif
#if LV_VERSION_CHECK(7, 4, 0) || LVGL_VERSION_MAJOR >= 8
    .underline_position = -4,
    .underline_thickness = 2,
#endif
    .dsc = &font_dsc,          /*The custom font data. Will be accessed by `get_glyph_bitmap/dsc` */
#if LV_VERSION_CHECK(8, 2, 0) || LVGL_VERSION_MAJOR >= 9
    .fallback = NULL,
#endif
    .user_data = NULL,
};

#endif /*#if DM_SANS_36_BOLD*/
